Day,sex,mean_height,std_height,mean_weight,std_weight
0,0,49.8842,1.8931053899999999,3.3464,0.48864132800000004
1,0,50.0601,1.894774785,3.3174,0.487425582
2,0,50.2359,1.896405225,3.337,0.48973812000000005
3,0,50.4118,1.8975001519999999,3.3627,0.4925346689999999
4,0,50.5876,1.8990585039999999,3.3915,0.49553206499999997
5,0,50.7635,1.9005854400000002,3.4223,0.498663333
6,0,50.9393,1.902073462,3.4545,0.5018697599999999
7,0,51.1152,1.903018896,3.4879,0.505152557
8,0,51.291,1.90443483,3.5222,0.5084647919999999
9,0,51.4669,1.905819307,3.5576,0.511867488
10,0,51.6427,1.9071649109999997,3.5941,0.515357999
11,0,51.8186,1.907960852,3.6319,0.51899851
12,0,51.9944,1.9092343680000001,3.671,0.52278711
13,0,52.1702,1.9104727240000001,3.7113,0.526707696
14,0,52.3461,1.911679572,3.7529,0.530735118
15,0,52.4978,1.91354481,3.7956,0.5349139079999999
16,0,52.6488,1.915889832,3.8389,0.5391351160000001
17,0,52.799,1.91818767,3.8828,0.543436688
18,0,52.9483,1.9204348409999998,3.927,0.54773796
19,0,53.0967,1.922631507,3.9714,0.5520246000000001
20,0,53.2441,1.9247742150000002,4.0158,0.5563087739999999
21,0,53.3905,1.926863145,4.0603,0.560605621
22,0,53.536,1.92890208,4.1046,0.564834006
23,0,53.6805,1.9308875850000002,4.1489,0.569021635
24,0,53.8239,1.9333544880000002,4.193,0.5731831
25,0,53.9664,1.9352351040000002,4.2369,0.577319994
26,0,54.1079,1.9376038990000002,4.2806,0.5813910919999999
27,0,54.2485,1.9393838749999999,4.324,0.58542636
28,0,54.3881,1.9416551700000002,4.3671,0.589427487
29,0,54.5268,1.9438804200000002,4.41,0.5933655
30,0,54.6645,1.9455095549999997,4.4525,0.597213825
31,0,54.8012,1.9476346480000002,4.4946,0.6010179120000001
32,0,54.9368,1.949707032,4.5363,0.6047795159999999
33,0,55.0714,1.9517304159999997,4.5776,0.6084545920000001
34,0,55.2049,1.953701411,4.6185,0.6120898050000001
35,0,55.3374,1.9556237160000003,4.659,0.6156868499999999
36,0,55.4688,1.957493952,4.699,0.61918723
37,0,55.5992,1.9593158080000002,4.7386,0.622604654
38,0,55.7285,1.9616432,4.7778,0.625987356
39,0,55.8568,1.9633665200000001,4.8166,0.6293369560000001
40,0,55.9841,1.9650419099999998,4.8549,0.63259347
41,0,56.1104,1.967230624,4.8928,0.635770432
42,0,56.2357,1.968811857,4.9303,0.6389668799999999
43,0,56.3599,1.970342104,4.9674,0.64203645
44,0,56.4833,1.972396836,5.0041,0.645078531
45,0,56.6056,1.9744033280000002,5.0404,0.648094632
46,0,56.7269,1.9757979270000001,5.0763,0.651035475
47,0,56.8472,1.9777140880000001,5.1118,0.6539014559999999
48,0,56.9666,1.9795893500000001,5.1469,0.6567444399999999
49,0,57.0851,1.98085297,5.1817,0.659578593
50,0,57.2026,1.982642116,5.2161,0.662340378
51,0,57.3192,1.984390704,5.2501,0.665030167
52,0,57.4349,1.9860988419999999,5.2837,0.667701169
53,0,57.5497,1.987766638,5.3171,0.670326797
54,0,57.6637,1.9893976500000001,5.35,0.6728694999999999
55,0,57.7767,1.990985082,5.3826,0.675408648
56,0,57.8889,1.9925359379999998,5.4149,0.6779454800000001
57,0,58.0003,1.994050314,5.4468,0.680359788
58,0,58.1109,1.9955283060000002,5.4784,0.682772992
59,0,58.2207,1.997552217,5.5097,0.6851862919999999
60,0,58.3299,1.9989656730000003,5.5407,0.6875454630000001
61,0,58.4384,2.0003464319999997,5.5714,0.689850748
62,0,58.5463,2.00228346,5.6018,0.6921584080000001
63,0,58.6536,2.003606976,5.6319,0.69441327
64,0,58.7603,2.004901436,5.6617,0.6966155679999999
65,0,58.8664,2.006755576,5.6912,0.698822448
66,0,58.9718,2.00798979,5.7205,0.70099007
67,0,59.0766,2.009785932,5.7494,0.7030941259999999
68,0,59.1808,2.010963584,5.7781,0.705217105
69,0,59.2843,2.012701985,5.8065,0.707289765
70,0,59.3872,2.014413824,5.8346,0.7093123219999999
71,0,59.4894,2.015500872,5.8625,0.71135575
72,0,59.591,2.01715535,5.8901,0.7133500110000001
73,0,59.692,2.01878344,5.9174,0.715295312
74,0,59.7923,2.020381817,5.9445,0.71726337
75,0,59.892,2.0213550000000002,5.9713,0.719183372
76,0,59.991,2.02289652,5.9979,0.7210675379999999
77,0,60.0894,2.0244118859999998,6.0242,0.7229642420000001
78,0,60.1872,2.025901152,6.0503,0.72482594
79,0,60.2843,2.0273610090000003,6.0762,0.7266527580000001
80,0,60.3808,2.02879488,6.1018,0.728493902
81,0,60.4767,2.0302028190000003,6.1272,0.7302396959999999
82,0,60.5719,2.031581526,6.1523,0.732062177
83,0,60.6665,2.0329344149999997,6.1772,0.733789588
84,0,60.7605,2.03426154,6.2019,0.73554534
85,0,60.8539,2.035562955,6.2264,0.737268024
86,0,60.9466,2.0368353719999996,6.2507,0.7389577540000001
87,0,61.0388,2.03869592,6.2748,0.740614644
88,0,61.1303,2.0399181109999995,6.2986,0.7422900100000001
89,0,61.2212,2.041114808,6.3223,0.743945041
90,0,61.3115,2.042286065,6.3457,0.7456197499999999
91,0,61.4013,2.044049277,6.369,0.7472110799999999
92,0,61.4904,2.045170704,6.3921,0.7488345150000001
93,0,61.579,2.04627017,6.4149,0.750415002
94,0,61.667,2.0479610700000004,6.4376,0.7520404319999999
95,0,61.7543,2.0490076740000003,6.4601,0.753635266
96,0,61.8411,2.050650876,6.4824,0.755134776
97,0,61.9274,2.051654762,6.5046,0.756745164
98,0,62.013,2.05325043,6.5265,0.7582487700000001
99,0,62.0981,2.054205148,6.5483,0.759799249
100,0,62.1826,2.055756756,6.5699,0.761320012
101,0,62.2665,2.056662495,6.5914,0.762822722
102,0,62.3499,2.0581701989999996,6.6126,0.7642843079999999
103,0,62.4327,2.059030446,6.6338,0.7658058719999999
104,0,62.5149,2.060491104,6.6547,0.76728691
105,0,62.5966,2.061932004,6.6755,0.7687505800000001
106,0,62.6778,2.062726398,6.6962,0.770196924
107,0,62.7584,2.064123776,6.7166,0.771670174
108,0,62.8384,2.065498208,6.737,0.77313812
109,0,62.918,2.06622712,6.7572,0.774577836
110,0,62.9969,2.067558258,6.7772,0.7759893999999999
111,0,63.0754,2.06887312,6.7971,0.777452298
112,0,63.1533,2.070165174,6.8168,0.7788194
113,0,63.2307,2.0714377319999997,6.8365,0.780249745
114,0,63.3076,2.072057748,6.8559,0.781641159
115,0,63.3839,2.073287369,6.8753,0.78309667
116,0,63.4598,2.074500862,6.8945,0.78445621
117,0,63.5351,2.0756917169999998,6.9135,0.7858575449999999
118,0,63.6099,2.076863235,6.9325,0.7872547
119,0,63.6842,2.0780154459999998,6.9513,0.788624985
120,0,63.758,2.07914838,6.9699,0.7899684659999999
121,0,63.8313,2.080262067,6.9885,0.7913777399999999
122,0,63.9041,2.081356537,7.0069,0.792690597
123,0,63.9765,2.0824350750000002,7.0252,0.7940583560000001
124,0,64.0483,2.083491199,7.0434,0.7954111620000001
125,0,64.1197,2.084531447,7.0615,0.796749045
126,0,64.1906,2.085552594,7.0794,0.798131556
127,0,64.261,2.08655467,7.0972,0.79949958
128,0,64.331,2.08754095,7.1149,0.8007819949999999
129,0,64.4006,2.088511458,7.1325,0.80212095
130,0,64.4697,2.089462977,7.15,0.8034455
131,0,64.5383,2.0903955370000005,7.1674,0.8048273459999999
132,0,64.6066,2.091961708,7.1846,0.8061121199999999
133,0,64.6744,2.0928635840000003,7.2018,0.807465816
134,0,64.7418,2.093749812,7.2188,0.8087943519999999
135,0,64.8088,2.094620416,7.2357,0.810108972
136,0,64.8755,2.0954786500000004,7.2525,0.8114097
137,0,64.9417,2.0969674929999997,7.2692,0.8126965599999999
138,0,65.0075,2.097792025,7.2858,0.813969576
139,0,65.073,2.0986042499999997,7.3023,0.815301795
140,0,65.138,2.09939774,7.3187,0.816620546
141,0,65.2027,2.100830994,7.335,0.8178525
142,0,65.2671,2.10160062,7.3512,0.8191442160000001
143,0,65.331,2.10235158,7.3673,0.820496201
144,0,65.3946,2.1037442819999996,7.3833,0.82176129
145,0,65.4579,2.104471485,7.3992,0.823013016
146,0,65.5208,2.105838512,7.415,0.8243255500000001
147,0,65.5834,2.1065388080000003,7.4307,0.825625077
148,0,65.6456,2.1072237599999997,7.4463,0.826837152
149,0,65.7075,2.108553675,7.4618,0.8281105639999999
150,0,65.769,2.1092118300000005,7.4772,0.8293710240000001
151,0,65.8303,2.1105194179999995,7.4925,0.8306934749999999
152,0,65.8912,2.111154048,7.5077,0.8319282370000001
153,0,65.9518,2.1124361540000005,7.5228,0.8331501
154,0,66.0121,2.113047321,7.5379,0.83444553
155,0,66.0721,2.1143072000000003,7.5528,0.83571732
156,0,66.1317,2.114891766,7.5677,0.8369119429999999
157,0,66.1911,2.116129467,7.5824,0.8381584959999999
158,0,66.2502,2.1173563920000005,7.5971,0.8394035790000001
159,0,66.3089,2.117906266,7.6117,0.840636148
160,0,66.3674,2.1191110820000003,7.6262,0.84193248
161,0,66.4256,2.119640896,7.6406,0.8431402100000001
162,0,66.4835,2.12082365,7.655,0.8444230500000001
163,0,66.5412,2.1219988680000004,7.6692,0.845605992
164,0,66.5985,2.1224941950000002,7.6834,0.846864348
165,0,66.6556,2.1236474160000003,7.6975,0.84811055
166,0,66.7125,2.1247931250000005,7.7115,0.8492674950000001
167,0,66.7691,2.1252604529999997,7.7255,0.850500295
168,0,66.8254,2.126384228,7.7394,0.8517209699999999
169,0,66.8815,2.127500515,7.7532,0.853007064
170,0,66.9373,2.12860614,7.7669,0.854203662
171,0,66.993,2.1297074699999996,7.7805,0.85538817
172,0,67.0483,2.130124491,7.7941,0.856649531
173,0,67.1035,2.1312071599999998,7.8076,0.8578210119999999
174,0,67.1584,2.1322792,7.821,0.8590586399999999
175,0,67.2132,2.1333469679999997,7.8344,0.86021712
176,0,67.2677,2.134404121,7.8477,0.861442029
177,0,67.3219,2.134777449,7.8609,0.862655166
178,0,67.376,2.1358192000000003,7.8741,0.863867511
179,0,67.4299,2.1368535310000003,7.8871,0.865057128
180,0,67.4836,2.1378804479999998,7.9002,0.8662569299999999
181,0,67.5371,2.1388999569999996,7.9131,0.867434022
182,0,67.5904,2.1399120640000002,7.926,0.86861034
183,0,67.6435,2.140916775,7.9389,0.869865273
184,0,67.6964,2.141914096,7.9516,0.871018264
185,0,67.7491,2.1429040329999998,7.9643,0.8721704929999999
186,0,67.8017,2.143889754,7.977,0.8734017300000001
187,0,67.8541,2.144868101,7.9895,0.87453067
188,0,67.9062,2.14583592,8.0021,0.875749824
189,0,67.9583,2.146802697,8.0145,0.87694659
190,0,68.0101,2.147758958,8.0269,0.87814286
191,0,68.0618,2.1487110260000004,8.0392,0.8792473039999998
192,0,68.1133,2.149655748,8.0515,0.8804315250000001
193,0,68.1647,2.1505962849999998,8.0637,0.8816043210000001
194,0,68.2158,2.151526332,8.0759,0.8827766290000001
195,0,68.2669,2.1524553570000005,8.0879,0.8839265909999999
196,0,68.3177,2.153373904,8.1,0.885087
197,0,68.3685,2.15497512,8.112,0.886236
198,0,68.419,2.1558826900000003,8.1239,0.8874548360000001
199,0,68.4695,2.15678925,8.1357,0.8885811539999999
200,0,68.5198,2.157688502,8.1475,0.8897070000000001
201,0,68.5699,2.1585804520000003,8.1593,0.8909139669999999
202,0,68.6199,2.159468253,8.171,0.89202807
203,0,68.6698,2.1610386059999995,8.1826,0.8931307900000001
204,0,68.7195,2.16191547,8.1942,0.8943149880000001
205,0,68.7691,2.1627881949999996,8.2058,0.895498954
206,0,68.8186,2.1636567840000005,8.2173,0.896589603
207,0,68.8679,2.165206776,8.2287,0.89775117
208,0,68.9171,2.166064453,8.2401,0.898830108
209,0,68.9662,2.166918004,8.2514,0.8999801980000001
210,0,69.0152,2.1677674319999998,8.2627,0.9011300620000001
211,0,69.0641,2.1693033809999998,8.2739,0.9022687949999999
212,0,69.1128,2.1701419199999994,8.2851,0.903324453
213,0,69.1615,2.170979485,8.2963,0.904462626
214,0,69.21,2.1725019,8.3074,0.9055896739999999
215,0,69.2584,2.173328592,8.3184,0.9067056
216,0,69.3067,2.1741511790000003,8.3294,0.907821306
217,0,69.3549,2.175663213,8.3404,0.908936792
218,0,69.4031,2.1764812159999996,8.3513,0.910041161
219,0,69.4511,2.177986496,8.3621,0.911134416
220,0,69.499,2.1787936500000002,8.3729,0.912227455
221,0,69.5468,2.179596712,8.3837,0.9133202779999999
222,0,69.5945,2.18109163,8.3944,0.9144859359999998
223,0,69.6421,2.1818869929999996,8.4051,0.9155675429999999
224,0,69.6896,2.1833751679999995,8.4157,0.9166380439999999
225,0,69.737,2.18416284,8.4263,0.917708333
226,0,69.7844,2.1856474080000003,8.4369,0.918862779
227,0,69.8316,2.1864273959999996,8.4474,0.91992186
228,0,69.8787,2.187902097,8.4578,0.9209698420000001
229,0,69.9258,2.18867754,8.4683,0.9221131869999999
230,0,69.9728,2.1901486400000003,8.4787,0.923160856
231,0,70.0197,2.190916413,8.489,0.92419743
232,0,70.0665,2.192380785,8.4993,0.9253187909999999
233,0,70.1132,2.1931408960000005,8.5096,0.926355056
234,0,70.1599,2.194601672,8.5198,0.927465428
235,0,70.2064,2.195354128,8.53,0.9284905
236,0,70.2529,2.196808183,8.5401,0.9295898850000001
237,0,70.2994,2.1975592440000002,8.5502,0.9306037680000001
238,0,70.3457,2.199006582,8.5603,0.931703052
239,0,70.392,2.20045392,8.5704,0.932802336
240,0,70.4382,2.20119375,8.5804,0.9338049319999999
241,0,70.4843,2.202634375,8.5903,0.9348823489999999
242,0,70.5304,2.204075,8.6003,0.9358846460000001
243,0,70.5764,2.204806736,8.6102,0.9369619640000001
244,0,70.6224,2.206243776,8.62,0.9380283999999999
245,0,70.6683,2.206971009,8.6299,0.9391057179999999
246,0,70.7141,2.2084013430000002,8.6397,0.940085757
247,0,70.7598,2.209828554,8.6494,0.9411412140000001
248,0,70.8055,2.2105477099999997,8.6592,0.9422075520000001
249,0,70.8511,2.211971342,8.6689,0.9432630090000002
250,0,70.8967,2.213394974,8.6785,0.944307585
251,0,70.9422,2.2148154840000003,8.6882,0.9452761599999999
252,0,70.9876,2.2155229960000002,8.6978,0.94632064
253,0,71.033,2.21693993,8.7073,0.9473542399999999
254,0,71.0783,2.218353743,8.7169,0.94839872
255,0,71.1235,2.2197644350000005,8.7264,0.9494323199999999
256,0,71.1687,2.22046344,8.7359,0.9504659200000001
257,0,71.2138,2.22187056,8.7453,0.95148864
258,0,71.2589,2.22327768,8.7548,0.9525222399999999
259,0,71.3039,2.2246816799999998,8.7642,0.95354496
260,0,71.3488,2.225369072,8.7735,0.9545568
261,0,71.3937,2.226769503,8.7829,0.9555795199999999
262,0,71.4385,2.2281668150000002,8.7922,0.9565913599999999
263,0,71.4832,2.2295610079999997,8.8015,0.9576032
264,0,71.5279,2.230955201,8.8107,0.95860416
265,0,71.5725,2.23163055,8.82,0.959616
266,0,71.6171,2.2330211779999996,8.8292,0.96061696
267,0,71.6616,2.2344086880000003,8.8384,0.9616179199999999
268,0,71.706,2.23579308,8.8475,0.9626079999999999
269,0,71.7504,2.237177472,8.8567,0.96360896
270,0,71.7947,2.2385587460000003,8.8658,0.96459904
271,0,71.839,2.2399400199999997,8.8748,0.96557824
272,0,71.8832,2.241318176,8.8839,0.966657159
273,0,71.9273,2.241973941,8.8929,0.9676364489999999
274,0,71.9714,2.2433485380000002,8.9019,0.968615739
275,0,72.0154,2.2447200179999998,8.9109,0.969595029
276,0,72.0594,2.2460914979999997,8.9199,0.970574319
277,0,72.1033,2.2474598610000003,8.9288,0.971632016
278,0,72.1472,2.248828224,8.9377,0.9726005139999999
279,0,72.1909,2.250190353,8.9466,0.973569012
280,0,72.2347,2.251555599,8.9555,0.9745375100000001
281,0,72.2783,2.252914611,8.9643,0.975495126
282,0,72.3219,2.254273623,8.9731,0.9765424730000001
283,0,72.3655,2.255632635,8.9819,0.9775001769999999
284,0,72.4089,2.256985413,8.9907,0.978457881
285,0,72.4523,2.258338191,8.9995,0.97950558
286,0,72.4957,2.2596909689999998,9.0082,0.9804524880000001
287,0,72.539,2.26104063,9.0169,0.981399396
288,0,72.5822,2.262387174,9.0256,0.9823463040000001
289,0,72.6253,2.263730601,9.0342,0.9833726700000001
290,0,72.6684,2.2650740280000004,9.0429,0.984319665
291,0,72.7115,2.266417455,9.0515,0.9852557750000001
292,0,72.7544,2.267754648,9.0601,0.986282486
293,0,72.7974,2.2690949579999997,9.0687,0.987218682
294,0,72.8402,2.2704290339999997,9.0772,0.9882347639999999
295,0,72.883,2.2717631099999998,9.0858,0.989171046
296,0,72.9257,2.2730940690000003,9.0943,0.990096441
297,0,72.9684,2.274425028,9.1028,0.9911128640000001
298,0,73.011,2.27575287,9.1113,0.992038344
299,0,73.0535,2.27780813,9.1198,0.992963824
300,0,73.096,2.27913328,9.1282,0.993969698
301,0,73.1384,2.280455312,9.1366,0.994884374
302,0,73.1808,2.281777344,9.145,0.9958904999999999
303,0,73.2231,2.283096258,9.1534,0.9968052599999999
304,0,73.2653,2.2844120539999997,9.1618,0.9977200199999999
305,0,73.3075,2.2857278500000002,9.1701,0.9987155910000001
306,0,73.3497,2.287043646,9.1785,0.999630435
307,0,73.3917,2.289087123,9.1868,1.000626256
308,0,73.4337,2.290397103,9.1951,1.001530292
309,0,73.4757,2.291707083,9.2034,1.002526362
310,0,73.5176,2.293013944,9.2117,1.003430481
311,0,73.5594,2.294317686,9.2199,1.004415906
312,0,73.6012,2.295621428,9.2282,1.0053201079999998
313,0,73.6429,2.29765848,9.2364,1.006213416
314,0,73.6845,2.2989564,9.2446,1.00719917
315,0,73.7261,2.30025432,9.2528,1.0080925600000001
316,0,73.7677,2.30155224,9.261,1.0090785599999998
317,0,73.8091,2.30284392,9.2691,1.009961136
318,0,73.8506,2.3048772260000003,9.2773,1.010947381
319,0,73.8919,2.306166199,9.2854,1.0118300379999998
320,0,73.9333,2.3074582930000003,9.2935,1.01280563
321,0,73.9745,2.3087441450000004,9.3016,1.013688368
322,0,74.0157,2.310770154,9.3097,1.014664203
323,0,74.0569,2.312056418,9.3178,1.015547022
324,0,74.0979,2.313336438,9.3258,1.0165122
325,0,74.139,2.31461958,9.3339,1.0174884389999999
326,0,74.18,2.3166414000000004,9.3419,1.018360519
327,0,74.2209,2.317918707,9.3499,1.019326098
328,0,74.2618,2.319196014,9.3579,1.0201982580000002
329,0,74.3026,2.321213224,9.3659,1.0211640770000001
330,0,74.3433,2.322484692,9.3739,1.0220363170000002
331,0,74.3841,2.3237592840000003,9.3819,1.023002376
332,0,74.4247,2.325027628,9.3898,1.023863792
333,0,74.4653,2.327040625,9.3978,1.02483009
334,0,74.5059,2.328309375,9.4057,1.025691585
335,0,74.5464,2.329575,9.4136,1.0266472160000002
336,0,74.5868,2.331583368,9.4215,1.027603005
337,0,74.6272,2.3328462720000003,9.4294,1.0284646579999999
338,0,74.6676,2.334109176,9.4373,1.029420684
339,0,74.7079,2.3361160329999997,9.4452,1.030282416
340,0,74.7481,2.3373730869999996,9.453,1.03122777
341,0,74.7883,2.3386301410000003,9.4609,1.0321841900000002
342,0,74.8285,2.3406354800000004,9.4687,1.03303517
343,0,74.8686,2.3418898080000004,9.4765,1.033980915
344,0,74.9086,2.3431410080000004,9.4844,1.0348428840000001
345,0,74.9486,2.345141694,9.4922,1.035788864
346,0,74.9886,2.346393294,9.4999,1.036724087
347,0,75.0285,2.3483920499999997,9.5077,1.037575301
348,0,75.0683,2.34963779,9.5155,1.03852167
349,0,75.1081,2.35088353,9.5232,1.03945728
350,0,75.1479,2.352880749,9.531,1.04030865
351,0,75.1876,2.354123756,9.5387,1.041244492
352,0,75.2273,2.356119036,9.5464,1.042085024
353,0,75.2669,2.3573593080000004,9.5542,1.043032014
354,0,75.3065,2.35859958,9.5619,1.043968242
355,0,75.346,2.36059018,9.5696,1.044808928
356,0,75.3855,2.3618277149999996,9.5772,1.0457344679999998
357,0,75.425,2.3638195,9.5849,1.04667108
358,0,75.4644,2.365054296,9.5926,1.04751192
359,0,75.5037,2.367040995,9.6002,1.048437842
360,0,75.5431,2.368276185,9.6079,1.049374838
361,0,75.5824,2.370264064,9.6155,1.0502049100000002
362,0,75.6216,2.371493376,9.6231,1.0511312130000001
363,0,75.6608,2.3727226879999996,9.6308,1.0520685920000001
364,0,75.6999,2.374705863,9.6384,1.0529952
365,0,75.7391,2.375935567,9.646,1.0538255
366,0,75.7781,2.377916778,9.6535,1.0547414099999999
367,0,75.8172,2.379143736,9.6611,1.055668397
368,0,75.8562,2.381126118,9.6687,1.056498849
369,0,75.8951,2.382347189,9.6763,1.057426064
370,0,75.934,2.3843275999999998,9.6838,1.058342502
371,0,75.9729,2.3855490599999998,9.6914,1.0592700199999998
372,0,76.0117,2.387527497,9.6989,1.06008977
373,0,76.0505,2.388746205,9.7064,1.061006584
374,0,76.0892,2.390722664,9.7139,1.061923548
375,0,76.1279,2.3919386179999997,9.7214,1.062840662
376,0,76.1665,2.393913095,9.7289,1.063660637
377,0,76.2051,2.395126293,9.7364,1.064577976
378,0,76.2437,2.3971019280000005,9.7439,1.065495465
379,0,76.2822,2.3983123680000005,9.7514,1.066413104
380,0,76.3207,2.400286015,9.7588,1.0672223680000001
381,0,76.3591,2.402257286,9.7663,1.0681402309999999
382,0,76.3975,2.40346535,9.7738,1.069058244
383,0,76.4358,2.405434626,9.7812,1.069965468
384,0,76.4741,2.406639927,9.7886,1.070774954
385,0,76.5124,2.408610352,9.796,1.0716823999999998
386,0,76.5506,2.4098128880000003,9.8035,1.0726009349999999
387,0,76.5888,2.411781312,9.8109,1.073508678
388,0,76.6269,2.412981081,9.8183,1.074416569
389,0,76.665,2.4149475000000002,9.8257,1.075226351
390,0,76.703,2.41691153,9.833,1.07612352
391,0,76.741,2.4181089100000004,9.8404,1.0770317800000002
392,0,76.779,2.42007408,9.8478,1.077940188
393,0,76.8169,2.421268688,9.8551,1.078837797
394,0,76.8548,2.423231844,9.8625,1.0797465
395,0,76.8926,2.425192604,9.8699,1.0805566519999998
396,0,76.9304,2.426384816,9.8772,1.0814546280000001
397,0,76.9682,2.42834671,9.8845,1.0823527499999999
398,0,77.0059,2.429536145,9.8918,1.083251018
399,0,77.0435,2.4314928599999996,9.8992,1.084160384
400,0,77.0812,2.4334534839999997,9.9065,1.0850589449999999
401,0,77.1187,2.4346373590000003,9.9138,1.085957652
402,0,77.1563,2.436595954,9.9211,1.0867572939999999
403,0,77.1938,2.438552142,9.9284,1.08765622
404,0,77.2313,2.4397367670000003,9.9357,1.0885552920000001
405,0,77.2687,2.44169092,9.9429,1.089443553
406,0,77.306,2.4428696000000003,9.9502,1.090342916
407,0,77.3434,2.444824874,9.9575,1.0912424250000001
408,0,77.3807,2.4467777340000003,9.9647,1.0921311200000001
409,0,77.4179,2.4479539980000005,9.972,1.09303092
410,0,77.4551,2.449904813,9.9792,1.093820112
411,0,77.4923,2.451856372,9.9865,1.0947201299999998
412,0,77.5295,2.45303338,9.9937,1.0956093310000001
413,0,77.5665,2.454979725,10.0009,1.096498676
414,0,77.6036,2.456929976,10.0082,1.0973991300000001
415,0,77.6406,2.4581013960000004,10.0154,1.0982887639999999
416,0,77.6776,2.460049592,10.0226,1.0991785420000002
417,0,77.7145,2.46199536,10.0298,1.100068464
418,0,77.7514,2.463164352,10.037,1.10095853
419,0,77.7883,2.4651112270000004,10.0442,1.10184874
420,0,77.8251,2.46705567,10.0514,1.102739094
421,0,77.8618,2.46821906,10.0586,1.103529006
422,0,77.8986,2.4701646060000004,10.0657,1.1044086039999998
423,0,77.9353,2.472107716,10.0729,1.105299317
424,0,77.9719,2.4732686680000002,10.0801,1.106190174
425,0,78.0085,2.475209705,10.0872,1.1070702
426,0,78.0451,2.477151474,10.0944,1.107961344
427,0,78.0817,2.479093975,10.1015,1.108841655
428,0,78.1182,2.4802528500000003,10.1087,1.109733086
429,0,78.1546,2.4821900959999996,10.1158,1.110613682
430,0,78.1911,2.484131247,10.123,1.1115054
431,0,78.2275,2.4852876750000004,10.1301,1.112386281
432,0,78.2638,2.487223564,10.1372,1.113267304
433,0,78.3001,2.4891601789999998,10.1443,1.1141484689999999
434,0,78.3364,2.4910975200000003,10.1515,1.11504076
435,0,78.3727,2.49225186,10.1586,1.11592221
436,0,78.4089,2.494187109,10.1657,1.116803802
437,0,78.4451,2.496123082,10.1728,1.117685536
438,0,78.4812,2.4980565959999996,10.1799,1.118567412
439,0,78.5173,2.499205659,10.187,1.11944943
440,0,78.5534,2.501140256,10.1941,1.12033159
441,0,78.5894,2.5030723900000003,10.2011,1.121202901
442,0,78.6254,2.505005244,10.2082,1.122085344
443,0,78.6614,2.506152204,10.2153,1.1229679289999999
444,0,78.6973,2.508082951,10.2224,1.123850656
445,0,78.7332,2.5100144159999997,10.2294,1.12472253
446,0,78.7691,2.511946599,10.2365,1.12560554
447,0,78.8049,2.513088261,10.2435,1.126477695
448,0,78.8407,2.5150183299999997,10.2506,1.127360988
449,0,78.8764,2.5169459240000003,10.2576,1.128233424
450,0,78.9122,2.518877424,10.2647,1.129117
451,0,78.9479,2.5200169679999997,10.2717,1.129989717
452,0,78.9835,2.521943155,10.2788,1.1308735760000002
453,0,79.0191,2.523870054,10.2858,1.1317465740000001
454,0,79.0547,2.525797665,10.2928,1.13272264
455,0,79.0903,2.5277259880000003,10.2998,1.133595988
456,0,79.1258,2.5288605680000003,10.3069,1.1344804830000002
457,0,79.1613,2.530786761,10.3139,1.135354112
458,0,79.1968,2.532713664,10.3209,1.136227881
459,0,79.2322,2.534638078,10.3279,1.13710179
460,0,79.2676,2.5365632000000002,10.3349,1.1379758389999999
461,0,79.303,2.537696,10.3419,1.138850028
462,0,79.3383,2.539618983,10.3489,1.1397243570000002
463,0,79.3736,2.541542672,10.3559,1.140598826
464,0,79.4089,2.5434670670000004,10.3629,1.141473435
465,0,79.4441,2.5453889640000003,10.3699,1.1423481839999998
466,0,79.4793,2.546516772,10.3769,1.143223073
467,0,79.5145,2.548439725,10.3839,1.144201941
468,0,79.5496,2.550360176,10.3908,1.14506616
469,0,79.5847,2.552281329,10.3978,1.145941538
470,0,79.6198,2.554203184,10.4048,1.146817056
471,0,79.6548,2.556122532,10.4118,1.147692714
472,0,79.6898,2.557245682,10.4187,1.148557488
473,0,79.7248,2.55916608,10.4257,1.149433425
474,0,79.7598,2.5610871779999997,10.4326,1.1502984760000001
475,0,79.7947,2.5630057640000006,10.4396,1.151174692
476,0,79.8296,2.564925048,10.4465,1.152144485
477,0,79.8644,2.566841816,10.4535,1.15302105
478,0,79.8993,2.567963502,10.4604,1.1538867240000001
479,0,79.9341,2.569881315,10.4674,1.154763568
480,0,79.9688,2.571796608,10.4743,1.1556295189999999
481,0,80.0036,2.573715812,10.4813,1.1565066419999999
482,0,80.0383,2.575632494,10.4882,1.15737287
483,0,80.0729,2.5775466510000005,10.4951,1.158344187
484,0,80.1076,2.5794647200000003,10.502,1.1592107600000001
485,0,80.1422,2.58057884,10.509,1.16008851
486,0,80.1768,2.5824947280000004,10.5159,1.16095536
487,0,80.2113,2.584408086,10.5228,1.161822348
488,0,80.2459,2.586325357,10.5297,1.162689474
489,0,80.2804,2.588240096,10.5366,1.163662104
490,0,80.3148,2.5901523,10.5435,1.164529575
491,0,80.3493,2.5920684179999998,10.5505,1.16540823
492,0,80.3837,2.593178162,10.5574,1.1662759779999998
493,0,80.4181,2.595092087,10.5643,1.1671438639999998
494,0,80.4524,2.5970034720000004,10.5712,1.1681176
495,0,80.4867,2.598915543,10.578,1.1689747799999999
496,0,80.521,2.6008283000000003,10.5849,1.1698431479999998
497,0,80.5553,2.602741743,10.5918,1.170711654
498,0,80.5895,2.6046526400000003,10.5987,1.1715802979999999
499,0,80.6237,2.6065642209999997,10.6056,1.1725551360000002
500,0,80.6578,2.608473252,10.6125,1.1734241250000002
501,0,80.692,2.6095792799999997,10.6193,1.1742821940000001
502,0,80.7261,2.611489335,10.6262,1.175151458
503,0,80.7602,2.613400072,10.6331,1.1760208600000002
504,0,80.7942,2.6153082540000003,10.6399,1.176985738
505,0,80.8282,2.617217116,10.6468,1.1778554840000002
506,0,80.8622,2.6191266580000003,10.6537,1.178725368
507,0,80.8961,2.62103364,10.6605,1.179584325
508,0,80.9301,2.622944541,10.6674,1.1805611580000002
509,0,80.964,2.6248528799999997,10.6742,1.1814204560000001
510,0,80.9978,2.626758654,10.6811,1.1822909590000001
511,0,81.0317,2.6286683479999997,10.6879,1.1831505300000003
512,0,81.0655,2.630575475,10.6948,1.1841282560000002
513,0,81.0992,2.63166904,10.7016,1.1849881679999998
514,0,81.133,2.63357718,10.7084,1.185848216
515,0,81.1667,2.635482749,10.7153,1.1867194749999999
516,0,81.2004,2.6373889920000004,10.7221,1.1876870169999998
517,0,81.234,2.6392926599999997,10.7289,1.188547542
518,0,81.2677,2.6412002500000002,10.7357,1.189408203
519,0,81.3013,2.643105263,10.7426,1.190387506
520,0,81.3348,2.645007696,10.7494,1.191248508
521,0,81.3684,2.646914052,10.7562,1.192109646
522,0,81.4019,2.6488178259999997,10.763,1.1929709199999998
523,0,81.4353,2.650719015,10.7698,1.193940028
524,0,81.4688,2.652624128,10.7766,1.194801642
525,0,81.5022,2.654526654,10.7835,1.19567448
526,0,81.5356,2.6564298479999997,10.7903,1.19664427
527,0,81.569,2.65833371,10.7971,1.197506361
528,0,81.6023,2.66023498,10.8039,1.1983685880000001
529,0,81.6356,2.6621369159999997,10.8107,1.199339058
530,0,81.6689,2.663222829,10.8174,1.2001905299999998
531,0,81.7021,2.6651225020000004,10.8242,1.201053232
532,0,81.7353,2.667022839,10.831,1.20202438
533,0,81.7685,2.66892384,10.8378,1.202887422
534,0,81.8017,2.670825505,10.8446,1.2037506
535,0,81.8348,2.672724568,10.8514,1.204722428
536,0,81.8679,2.674624293,10.8582,1.205585946
537,0,81.9009,2.676521412,10.8649,1.206438496
538,0,81.934,2.6784224599999997,10.8717,1.2074110020000002
539,0,81.967,2.6803209,10.8785,1.208274995
540,0,82.0,2.68222,10.8852,1.209128016
541,0,82.0329,2.684116488,10.892,1.2101012
542,0,82.0659,2.686016907,10.8988,1.210965668
543,0,82.0987,2.6879114379999995,10.9055,1.2119282150000001
544,0,82.1316,2.6898099,10.9123,1.212793022
545,0,82.1644,2.6917057439999996,10.9191,1.2136579650000001
546,0,82.1973,2.693605521,10.9258,1.214621186
547,0,82.23,2.6954993999999997,10.9326,1.2154864680000002
548,0,82.2628,2.697397212,10.9393,1.21645016
549,0,82.2955,2.6992924000000005,10.9461,1.217315781
550,0,82.3282,2.7011882419999997,10.9528,1.218170416
551,0,82.3609,2.7030847380000003,10.9596,1.2191459040000001
552,0,82.3935,2.704978605,10.9663,1.220000875
553,0,82.4261,2.7068731240000004,10.973,1.22096571
554,0,82.4587,2.7087682949999996,10.9798,1.221832144
555,0,82.4912,2.7106608320000003,10.9865,1.2226875849999999
556,0,82.5237,2.7125540190000006,10.9932,1.223653092
557,0,82.5562,2.714447856,11.0,1.22452
558,0,82.5887,2.7163423430000004,11.0067,1.225485978
559,0,82.6211,2.71823419,11.0134,1.2263420900000002
560,0,82.6535,2.720126685,11.0202,1.227319674
561,0,82.6859,2.722019828,11.0269,1.228176122
562,0,82.7182,2.723910326,11.0336,1.229032704
563,0,82.7505,2.72580147,11.0403,1.229999823
564,0,82.7828,2.7276932599999997,11.047,1.2308567400000001
565,0,82.8151,2.7295856960000004,11.0537,1.2318243279999999
566,0,82.8473,2.731475481,11.0605,1.232692725
567,0,82.8795,2.73336591,11.0672,1.233660784
568,0,82.9117,2.7352569829999998,11.0739,1.234518372
569,0,82.9438,2.7371454,11.0806,1.2354869000000002
570,0,82.9759,2.7390344589999995,11.0873,1.236344823
571,0,83.008,2.74092416,11.094,1.23731382
572,0,83.04,2.7428112,11.1007,1.238172078
573,0,83.0721,2.7447021840000003,11.1074,1.239141544
574,0,83.1041,2.7465905050000003,11.1141,1.240000137
575,0,83.136,2.7484761599999996,11.1208,1.2409700719999999
576,0,83.168,2.75119744,11.1275,1.241829
577,0,83.1999,2.753084691,11.1342,1.2427994039999999
578,0,83.2318,2.75497258,11.1409,1.243658667
579,0,83.2637,2.756861107,11.1476,1.24462954
580,0,83.2955,2.75874696,11.1543,1.245489138
581,0,83.3273,2.7606334489999997,11.161,1.2464604799999999
582,0,83.3591,2.7625205740000003,11.1676,1.247309244
583,0,83.3908,2.76440502,11.1743,1.2482810530000001
584,0,83.4226,2.7662934160000003,11.181,1.2491413199999999
585,0,83.4543,2.768179131,11.1877,1.250113598
586,0,83.4859,2.7700621620000003,11.1944,1.2509742
587,0,83.5176,2.7719491439999997,11.2011,1.251946947
588,0,83.5492,2.77383344,11.2077,1.252796706
589,0,83.5808,2.775718368,11.2144,1.2537699199999999
590,0,83.6124,2.7776039279999996,11.2211,1.2547434020000001
591,0,83.6439,2.779486797,11.2278,1.255604874
592,0,83.6754,2.781370296,11.2345,1.256578825
593,0,83.7069,2.7832544250000004,11.2411,1.257429446
594,0,83.7384,2.7851391839999997,11.2478,1.258403864
595,0,83.7698,2.787021246,11.2545,1.259266005
596,0,83.8012,2.7897419479999996,11.2612,1.2602408920000001
597,0,83.8326,2.7916255800000003,11.2678,1.261092176
598,0,83.864,2.79350984,11.2745,1.26206753
599,0,83.8953,2.7953913960000003,11.2812,1.263043152
600,0,83.9267,2.797276911,11.2878,1.263894966
601,0,83.9579,2.799156386,11.2945,1.264871055
602,0,83.9892,2.8010398199999997,11.3012,1.2657344
603,0,84.0205,2.80292388,11.3078,1.266699756
604,0,84.0517,2.804805229,11.3145,1.26767658
605,0,84.0829,2.806687202,11.3212,1.2685404599999999
606,0,84.114,2.80856646,11.3278,1.2695065460000001
607,0,84.1452,2.81044968,11.3345,1.27037076
608,0,84.1763,2.8123301830000003,11.3412,1.27134852
609,0,84.2074,2.814211308,11.3478,1.272315336
610,0,84.2385,2.81693544,11.3545,1.273180085
611,0,84.2695,2.818814775,11.3612,1.27415858
612,0,84.3006,2.8206980759999998,11.3678,1.275012448
613,0,84.3316,2.822578652,11.3745,1.27599141
614,0,84.3626,2.824459848,11.3811,1.2769594199999998
615,0,84.3935,2.826338315,11.3878,1.277825038
616,0,84.4245,2.82822075,11.3945,1.278804735
617,0,84.4554,2.8301004539999997,11.4011,1.279659464
618,0,84.4862,2.831977424,11.4078,1.280639628
619,0,84.5171,2.8338583629999996,11.4144,1.281608832
620,0,84.5479,2.835736566,11.4211,1.282475319
621,0,84.5787,2.8384611719999997,11.4277,1.283444987
622,0,84.6095,2.840340915,11.4344,1.284426152
623,0,84.6403,2.842221274,11.441,1.28528194
624,0,84.671,2.84409889,11.4477,1.286263572
625,0,84.7017,2.8459771199999997,11.4543,1.2872342339999998
626,0,84.7324,2.847855964,11.461,1.28810179
627,0,84.7631,2.8497354219999997,11.4676,1.2890729159999998
628,0,84.7937,2.851612131,11.4743,1.290055549
629,0,84.8243,2.8534894520000003,11.4809,1.290912396
630,0,84.8549,2.855367385,11.4876,1.2918954960000002
631,0,84.8855,2.8580947849999996,11.4942,1.2928676159999999
632,0,84.916,2.85997088,11.5009,1.293736241
633,0,84.9465,2.861847585,11.5075,1.294708825
634,0,84.977,2.8637249000000002,11.5142,1.295692926
635,0,85.0075,2.8656028249999994,11.5208,1.2965508319999999
636,0,85.0379,2.8674779879999996,11.5274,1.2975241439999998
637,0,85.0683,2.869353759,11.5341,1.298508978
638,0,85.0987,2.8712301379999996,11.5407,1.299367413
639,0,85.1291,2.873107125,11.5474,1.300352714
640,0,85.1594,2.8758329380000003,11.554,1.30132702
641,0,85.1897,2.877708066,11.5606,1.3023015900000001
642,0,85.22,2.8795838,11.5673,1.303172018
643,0,85.2503,2.8814601399999997,11.5739,1.304147052
644,0,85.2805,2.883333705,11.5806,1.3051336199999999
645,0,85.3108,2.8852112560000003,11.5872,1.305993312
646,0,85.341,2.88708603,11.5938,1.306969074
647,0,85.3711,2.888958024,11.6005,1.307956375
648,0,85.4013,2.890834005,11.6071,1.308816596
649,0,85.4314,2.893561518,11.6137,1.309793086
650,0,85.4615,2.89543562,11.6204,1.31078112
651,0,85.4916,2.8973103240000007,11.627,1.31175814
652,0,85.5217,2.89918563,11.6336,1.312619088
653,0,85.5517,2.901058147,11.6403,1.313607855
654,0,85.5817,2.902931264,11.6469,1.314585603
655,0,85.6117,2.9048049810000003,11.6535,1.315563615
656,0,85.6417,2.906679298,11.6601,1.31642529
657,0,85.6716,2.909407536,11.6668,1.3174150560000002
658,0,85.7015,2.911279955,11.6734,1.318393796
659,0,85.7314,2.9131529720000002,11.68,1.3193728
660,0,85.7613,2.9150265870000003,11.6866,1.320235202
661,0,85.7912,2.9169008000000005,11.6933,1.321225967
662,0,85.821,2.9187722099999998,11.6999,1.322205699
663,0,85.8508,2.9206442160000003,11.7065,1.323185695
664,0,85.8806,2.923375624,11.7131,1.3240488240000001
665,0,85.9104,2.9252491199999997,11.7198,1.3250405879999998
666,0,85.9401,2.927119806,11.7264,1.326021312
667,0,85.9698,2.9289910860000004,11.733,1.3270023000000002
668,0,85.9995,2.93086296,11.7396,1.327866156
669,0,86.0292,2.9327354280000004,11.7462,1.3288476059999998
670,0,86.0589,2.9346084899999996,11.7528,1.32982932
671,0,86.0885,2.936478735,11.7595,1.330822615
672,0,86.1181,2.939210753,11.7661,1.331687198
673,0,86.1477,2.941082478,11.7727,1.33266964
674,0,86.1773,2.942954795,11.7793,1.3336523459999998
675,0,86.2068,2.9448242880000004,11.7859,1.334635316
676,0,86.2363,2.946694371,11.7925,1.33561855
677,0,86.2659,2.9485684620000003,11.7991,1.3364840569999998
678,0,86.2954,2.950439726,11.8057,1.337467753
679,0,86.3248,2.9531714079999998,11.8124,1.338463044
680,0,86.3543,2.9550441459999996,11.819,1.3394472700000002
681,0,86.3837,2.956914051,11.8256,1.34043176
682,0,86.4131,2.958784544,11.8322,1.341298192
683,0,86.4425,2.9606556250000002,11.8388,1.342283144
684,0,86.4719,2.962527294,11.8454,1.34326836
685,0,86.5012,2.964396124,11.852,1.3442538400000001
686,0,86.5306,2.967134274,11.8586,1.345239584
687,0,86.5599,2.9690045699999996,11.8652,1.3461069399999999
688,0,86.5892,2.970875452,11.8718,1.347093146
689,0,86.6184,2.972743488,11.8784,1.348079616
690,0,86.6477,2.974615541,11.885,1.34906635
691,0,86.6769,2.976484746,11.8916,1.350053348
692,0,86.7061,2.9783545350000002,11.8982,1.350921628
693,0,86.7353,2.9810922609999997,11.9048,1.351909088
694,0,86.7645,2.98296351,11.9114,1.352896812
695,0,86.7937,2.984835343,11.918,1.3538847999999999
696,0,86.8228,2.98670432,11.9246,1.354873052
697,0,86.8519,2.9885738790000005,11.9312,1.3558615680000001
698,0,86.881,2.99044402,11.9378,1.3567309699999999
699,0,86.9101,2.992314743,11.9444,1.357719948
700,0,86.9392,2.9950554400000002,11.951,1.3587091900000001
701,0,86.9682,2.9969241719999995,11.9576,1.359698696
702,0,86.9972,2.998793484,11.9642,1.360688466
703,0,87.0262,3.000663376,11.9707,1.361667125
704,0,87.0552,3.002533848,11.9773,1.362537648
705,0,87.0842,3.0044049,11.9839,1.363528142
706,0,87.1131,3.006273081,11.9905,1.3645189
707,0,87.142,3.0090132599999997,11.9971,1.365509922
708,0,87.1709,3.010882886,12.0037,1.366501208
709,0,87.1998,3.0127530899999995,12.0103,1.367492758
710,0,87.2287,3.014623872,12.0168,1.368473184
711,0,87.2575,3.0164917749999995,12.0234,1.3693450260000002
712,0,87.2863,3.018360254,12.03,1.3703372999999999
713,0,87.3151,3.0202293090000003,12.0366,1.371329838
714,0,87.3439,3.0229723790000005,12.0431,1.3723112450000001
715,0,87.3727,3.0248428739999995,12.0497,1.373304309
716,0,87.4014,3.026710482,12.0563,1.374297637
717,0,87.4302,3.0285821279999996,12.0629,1.3752912290000001
718,0,87.4589,3.030450885,12.0694,1.376273682
719,0,87.4876,3.0323202160000005,12.076,1.37714704
720,0,87.5162,3.034186654,12.0826,1.3781413559999998
721,0,87.5449,3.036932581,12.0891,1.379124528
722,0,87.5735,3.03880045,12.0957,1.38011937
723,0,87.6021,3.0406688909999997,12.1023,1.381114476
724,0,87.6307,3.042537904,12.1088,1.382098432
725,0,87.6593,3.0444074889999997,12.1154,1.3830940639999998
726,0,87.6878,3.046274172,12.122,1.38408996
727,0,87.7164,3.0481449,12.1285,1.3850747
728,0,87.7449,3.0508901730000004,12.1351,1.385949771
729,0,87.7734,3.0527588519999997,12.1416,1.386934968
730,0,87.8018,3.054624622,12.1482,1.38793185
731,0,87.1303,3.056530924,12.1548,1.388928996
732,0,87.1587,3.0583987830000003,12.1613,1.389914977
733,0,87.1871,3.06026721,12.1679,1.390912649
734,0,87.2155,3.0621362050000003,12.1744,1.3918991520000001
735,0,87.2439,3.064878207,12.181,1.39289735
736,0,87.2722,3.0667451079999997,12.1875,1.393884375
737,0,87.3006,3.0686160900000004,12.1941,1.394883099
738,0,87.3289,3.070484124,12.2006,1.3957486399999999
739,0,87.3571,3.0723492070000002,12.2072,1.396747824
740,0,87.3854,3.0742183720000003,12.2137,1.3977358279999998
741,0,87.4136,3.076084584,12.2202,1.3987240920000001
742,0,87.4419,3.078829299,12.2268,1.3997240640000002
743,0,87.4701,3.080696922,12.2333,1.4007128500000001
744,0,87.4982,3.0825615859999997,12.2398,1.401701896
745,0,87.5264,3.084430336,12.2464,1.402702656
746,0,87.5545,3.086296125,12.2529,1.403692224
747,0,87.5826,3.088162476,12.2594,1.4046820519999998
748,0,87.6107,3.090029389,12.266,1.4056836
749,0,87.6388,3.091896864,12.2725,1.40667395
750,0,87.6668,3.0946380399999995,12.279,1.40766456
751,0,87.6948,3.096503388,12.2855,1.4085325750000002
752,0,87.7228,3.098369296,12.292,1.40952364
753,0,87.7508,3.100235764,12.2986,1.410526434
754,0,87.7788,3.1021027920000006,12.3051,1.411518021
755,0,87.8067,3.103966845,12.3116,1.4125098680000001
756,0,87.8346,3.105831456,12.3181,1.413501975
757,0,87.8625,3.10857525,12.3246,1.414494342
758,0,87.8903,3.1104377169999995,12.3311,1.415486969
759,0,87.9181,3.11230074,12.3376,1.416479856
760,0,87.946,3.11416786,12.3441,1.417473003
761,0,87.9737,3.116028454,12.3506,1.41846641
762,0,88.0015,3.117893145,12.3571,1.419460077
763,0,88.0292,3.119754848,12.3636,1.420454004
764,0,88.057,3.12162065,12.3701,1.421448191
765,0,88.0846,3.124360762,12.3766,1.422442638
766,0,88.1123,3.126224404,12.383,1.4234258499999999
767,0,88.14,3.1280886,12.3895,1.424420815
768,0,88.1676,3.1299497999999994,12.396,1.4252920800000002
769,0,88.1952,3.131811552,12.4025,1.4262875000000002
770,0,88.2228,3.1336738560000006,12.409,1.42728318
771,0,88.2503,3.135533159,12.4154,1.428267616
772,0,88.2778,3.13827579,12.4219,1.429263814
773,0,88.3053,3.140136468,12.4284,1.430260272
774,0,88.3328,3.141997696,12.4348,1.4312454799999998
775,0,88.3603,3.1438594739999997,12.4413,1.432242456
776,0,88.3877,3.1457182429999997,12.4477,1.433228178
777,0,88.4151,3.1475775599999998,12.4542,1.434225672
778,0,88.4425,3.149437425,12.4606,1.435211908
779,0,88.4699,3.1512978379999996,12.4671,1.43620992
780,0,88.4972,3.154040208,12.4735,1.43719667
781,0,88.5245,3.155898425,12.48,1.4381952
782,0,88.5518,3.1577571879999997,12.4864,1.439182464
783,0,88.5791,3.159616497,12.4929,1.4401815119999999
784,0,88.6063,3.1614727840000003,12.4993,1.44116929
785,0,88.6335,3.163329615,12.5057,1.442157324
786,0,88.6607,3.1651869900000005,12.5121,1.443145614
787,0,88.6879,3.167044909,12.5186,1.4441456959999999
788,0,88.715,3.1688998,12.525,1.4451345
789,0,88.7422,3.171646228,12.5314,1.44612356
790,0,88.7693,3.173502475,12.5378,1.447112876
791,0,88.7964,3.1753592640000003,12.5442,1.448102448
792,0,88.8234,3.1772130180000007,12.5506,1.44896677
793,0,88.8504,3.179067312,12.557,1.44995679
794,0,88.8775,3.1809257250000003,12.5634,1.450947066
795,0,88.9044,3.1827775199999997,12.5698,1.451937598
796,0,88.9314,3.184633434,12.5762,1.452928386
797,0,88.9584,3.1864898879999997,12.5826,1.45391943
798,0,88.9853,3.1892331519999995,12.589,1.4549107300000002
799,0,89.0122,3.1910873700000004,12.5954,1.455902286
800,0,89.0391,3.1929421260000006,12.6018,1.4568940980000002
801,0,89.0659,3.194793833,12.6082,1.457886166
802,0,89.0927,3.196646076,12.6145,1.458866925
803,0,89.1195,3.198498855,12.6209,1.4598595030000001
804,0,89.1463,3.20035217,12.6273,1.460852337
805,0,89.1731,3.202206021,12.6336,1.461833856
806,0,89.1998,3.204056816,12.64,1.4628272
807,0,89.2266,3.2059117379999997,12.6464,1.4638208000000001
808,0,89.2533,3.208656135,12.6527,1.464803079
809,0,89.2799,3.210505204,12.6591,1.4657971890000001
810,0,89.3066,3.2123584020000004,12.6654,1.466779974
811,0,89.3332,3.214208536,12.6718,1.467774594
812,0,89.3598,3.2160592020000003,12.6781,1.468757885
813,0,89.3864,3.2179103999999996,12.6844,1.469741428
814,0,89.413,3.21976213,12.6908,1.470736812
815,0,89.4395,3.22161079,12.6971,1.471720861
816,0,89.466,3.22345998,12.7034,1.472705162
817,0,89.4925,3.2253097000000004,12.7098,1.4737013099999998
818,0,89.519,3.22715995,12.7161,1.474686117
819,0,89.5455,3.229906185,12.7224,1.475671176
820,0,89.5719,3.231754152,12.7287,1.476656487
821,0,89.5983,3.2336026469999997,12.735,1.4775147
822,0,89.6247,3.2354516700000002,12.7413,1.4785004520000002
823,0,89.651,3.23729761,12.7476,1.479486456
824,0,89.6774,3.239147688,12.7539,1.480472712
825,0,89.7037,3.240994681,12.7602,1.4814592199999999
826,0,89.73,3.2428422,12.7665,1.48244598
827,0,89.7563,3.244690245,12.7728,1.483432992
828,0,89.7825,3.2465352,12.7791,1.484420256
829,0,89.8087,3.2483806790000003,12.7854,1.485407772
830,0,89.8349,3.250226682,12.7916,1.48638392
831,0,89.8611,3.25297182,12.7979,1.4873719380000001
832,0,89.8873,3.254819133,12.8042,1.488360208
833,0,89.9134,3.256663348,12.8104,1.489337104
834,0,89.9395,3.258508085,12.8167,1.490325876
835,0,89.9656,3.260353344,12.823,1.4913149
836,0,89.9917,3.2621991249999995,12.8292,1.492292544
837,0,90.0177,3.2640418020000004,12.8355,1.49328207
838,0,90.0437,3.265884999,12.8417,1.494260212
839,0,90.0697,3.2677287159999997,12.848,1.49525024
840,0,90.0957,3.269572953,12.8542,1.49622888
841,0,90.1216,3.27141408,12.8604,1.497207768
842,0,90.1476,3.273259356,12.8667,1.498198548
843,0,90.1735,3.2751015199999998,12.8729,1.4991779339999998
844,0,90.1994,3.276944202,12.8791,1.500028777
845,0,90.2252,3.278783768,12.8853,1.501008597
846,0,90.251,3.2815263600000004,12.8915,1.501988665
847,0,90.2769,3.283370853,12.8978,1.502980634
848,0,90.3026,3.285208588,12.904,1.5039612
849,0,90.3284,3.287050476,12.9102,1.5049420139999998
850,0,90.3541,3.28888924,12.9164,1.505923076
851,0,90.3799,3.290732159,12.9226,1.506904386
852,0,90.4056,3.2925719520000003,12.9288,1.507885944
853,0,90.4312,3.2944086159999997,12.935,1.50886775
854,0,90.4569,3.296249436,12.9411,1.509838137
855,0,90.4825,3.2980871250000003,12.9473,1.510820437
856,0,90.5081,3.299925326,12.9535,1.5118029849999999
857,0,90.5337,3.301764039,12.9597,1.512785781
858,0,90.5592,3.303599616,12.9658,1.51375715
859,0,90.5848,3.305439352,12.972,1.51474044
860,0,90.6103,3.3072759499999997,12.9782,1.515723978
861,0,90.6358,3.3091130580000003,12.9843,1.5166960829999998
862,0,90.6612,3.3109470239999994,12.9905,1.517680115
863,0,90.6867,3.312785151,12.9966,1.518522744
864,0,90.7121,3.3146201340000006,13.0028,1.519507208
865,0,90.7375,3.3164556249999997,13.0089,1.520480232
866,0,90.7628,3.3182879680000004,13.0151,1.52146519
867,0,90.7882,3.320124474,13.0212,1.522438704
868,0,90.8135,3.322865965,13.0273,1.523412462
869,0,90.8388,3.3247000800000004,13.0334,1.524386464
870,0,90.8641,3.3265347009999995,13.0396,1.525372408
871,0,90.8893,3.3283661660000003,13.0457,1.5263469
872,0,90.9146,3.330201798,13.0518,1.527321636
873,0,90.9398,3.332034272,13.0579,1.528296616
874,0,90.965,3.3338672500000004,13.064,1.52927184
875,0,90.9901,3.335697066,13.0701,1.530247308
876,0,91.0153,3.337531051,13.0762,1.5312230199999999
877,0,91.0404,3.339361872,13.0823,1.532198976
878,0,91.0655,3.3411931950000002,13.0884,1.533044292
879,0,91.0905,3.3430213500000003,13.0945,1.534020675
880,0,91.1156,3.344853676,13.1006,1.534997302
881,0,91.1406,3.3466828320000004,13.1067,1.535974173
882,0,91.1656,3.348512488,13.1127,1.536939567
883,0,91.1906,3.3503426440000004,13.1188,1.5379169240000001
884,0,91.2155,3.352169625,13.1249,1.538894525
885,0,91.2405,3.35400078,13.131,1.53987237
886,0,91.2654,3.355828758,13.137,1.5408387300000002
887,0,91.2903,3.357657234,13.1431,1.541817061
888,0,91.3151,3.3594825290000006,13.1491,1.5427839030000001
889,0,91.34,3.361312,13.1552,1.54376272
890,0,91.3648,3.3631382880000005,13.1612,1.544730044
891,0,91.3896,3.364965072,13.1673,1.5457093469999998
892,0,91.4144,3.366792352,13.1733,1.54654542
893,0,91.4391,3.3686164439999997,13.1793,1.547513406
894,0,91.4639,3.370444715,13.1854,1.548493376
895,0,91.4886,3.372269796,13.1914,1.5494618439999999
896,0,91.5133,3.374095371,13.1974,1.550430552
897,0,91.5379,3.375917752,13.2034,1.5513995
898,0,91.5626,3.377744314,13.2095,1.55238044
899,0,91.5872,3.37956768,13.2155,1.5533498700000001
900,0,91.6118,3.381391538,13.2215,1.55431954
901,0,91.6364,3.383215888,13.2275,1.5552894499999999
902,0,91.6609,3.3850370369999996,13.2335,1.5562596
903,0,91.6855,3.3868623700000002,13.2395,1.55722999
904,0,91.71,3.3886844999999997,13.2455,1.558068165
905,0,91.7345,3.3905071199999997,13.2515,1.559038975
906,0,91.759,3.3923302300000002,13.2575,1.560010025
907,0,91.7834,3.394150132,13.2634,1.5609695460000002
908,0,91.8078,3.3959705220000003,13.2694,1.561941074
909,0,91.8323,3.3977951,13.2754,1.562912842
910,0,91.8566,3.399612766,13.2814,1.5638848499999998
911,0,91.881,3.40143462,13.2873,1.564845321
912,0,91.9053,3.403253259,13.2933,1.5658178070000002
913,0,91.9297,3.4050760879999995,13.2993,1.566790533
914,0,91.954,3.4068956999999997,13.3052,1.567751716
915,0,91.9783,3.4087157980000002,13.3112,1.56872492
916,0,92.0025,3.410532675,13.3171,1.569553406
917,0,92.0268,3.412353744,13.3231,1.570527028
918,0,92.051,3.41417159,13.329,1.5714891000000002
919,0,92.0752,3.41598992,13.335,1.5724632
920,0,92.0993,3.4178050229999997,13.3409,1.573425746
921,0,92.1235,3.418703085,13.3468,1.5743885279999998
922,0,92.1476,3.420518912,13.3528,1.575363344
923,0,92.1717,3.4223352210000004,13.3587,1.5763266
924,0,92.1958,3.424152012,13.3646,1.577290092
925,0,92.2199,3.425969285,13.3705,1.57825382
926,0,92.244,3.4277870399999997,13.3765,1.579095825
927,0,92.268,3.42960156,13.3824,1.580059968
928,0,92.292,3.4314165599999997,13.3883,1.5810243469999998
929,0,92.316,3.43323204,13.3942,1.581988962
930,0,92.34,3.4350479999999997,13.4001,1.582953813
931,0,92.3639,3.4368607190000002,13.406,1.5839189000000002
932,0,92.3879,3.438677638,13.4119,1.584884223
933,0,92.4118,3.440491314,13.4178,1.585849782
934,0,92.4357,3.4423054680000003,13.4237,1.5868155769999999
935,0,92.4595,3.444116375,13.4296,1.587781608
936,0,92.4834,3.4459314840000004,13.4354,1.5887360499999998
937,0,92.5072,3.4477433439999996,13.4413,1.589568138
938,0,92.531,3.4495556800000005,13.4472,1.590534816
939,0,92.5548,3.451368492,13.4531,1.5915017299999998
940,0,92.5786,3.45318178,13.4589,1.592457048
941,0,92.6023,3.45406579,13.4648,1.593424432
942,0,92.6261,3.455879791,13.4707,1.5943920520000001
943,0,92.6498,3.457690536,13.4765,1.59534807
944,0,92.6735,3.4595017550000002,13.4824,1.59631616
945,0,92.6971,3.461309714,13.4883,1.597284486
946,0,92.7208,3.46312188,13.4941,1.5981062629999998
947,0,92.7444,3.464930784,13.5,1.599075
948,0,92.768,3.46674016,13.5058,1.600032126
949,0,92.7916,3.468550008,13.5116,1.6009894839999999
950,0,92.8152,3.470360328,13.5175,1.6019589250000001
951,0,92.8388,3.4721711200000005,13.5233,1.602916749
952,0,92.8623,3.473978643,13.5291,1.603874805
953,0,92.8858,3.4757866360000005,13.535,1.60484495
954,0,92.9093,3.4775950989999997,13.5408,1.605803472
955,0,92.9328,3.478474704,13.5466,1.60662676
956,0,92.9562,3.480280128,13.5524,1.6075856880000001
957,0,92.9797,3.4820897649999996,13.5583,1.608556712
958,0,93.0031,3.4838961260000003,13.5641,1.609516106
959,0,93.0265,3.4857029550000003,13.5699,1.610475732
960,0,93.0499,3.487510252,13.5757,1.61143559
961,0,93.0732,3.489314268,13.5815,1.61239568
962,0,93.0966,3.4911225,13.5873,1.6133560020000002
963,0,93.1199,3.492927449,13.5931,1.6143165560000001
964,0,93.1432,3.4947328639999995,13.5989,1.615141353
965,0,93.1665,3.496538745,13.6047,1.616102313
966,0,93.1898,3.4974131940000004,13.6105,1.617063505
967,0,93.213,3.4992160199999995,13.6163,1.6180249290000002
968,0,93.2363,3.501023065,13.622,1.6189746999999999
969,0,93.2595,3.5028268200000006,13.6278,1.6199365860000001
970,0,93.2827,3.504631039,13.6336,1.6208987039999998
971,0,93.3059,3.506435722,13.6394,1.621861054
972,0,93.329,3.5082371099999996,13.6452,1.6226871840000001
973,0,93.3522,3.51004272,13.6509,1.6236380460000002
974,0,93.3753,3.5118450329999997,13.6567,1.624601032
975,0,93.3984,3.513647808,13.6625,1.62556425
976,0,93.4215,3.51451683,13.6682,1.6265158
977,0,93.4446,3.5163202979999997,13.674,1.6274794799999999
978,0,93.4676,3.5181204640000003,13.6797,1.6284314880000001
979,0,93.4906,3.5199210900000004,13.6855,1.6293956299999999
980,0,93.5137,3.5217259419999998,13.6912,1.630211184
981,0,93.5367,3.523527489,13.697,1.6311757299999998
982,0,93.5596,3.525325728,13.7027,1.632128597
983,0,93.5826,3.527128194,13.7085,1.633093605
984,0,93.6056,3.5279950639999997,13.7142,1.63404693
985,0,93.6285,3.52979445,13.7199,1.635000483
986,0,93.6514,3.531594294,13.7257,1.635966183
987,0,93.6743,3.533394596,13.7314,1.6367828800000002
988,0,93.6972,3.5351953559999996,13.7371,1.637737062
989,0,93.7201,3.5369965740000002,13.7429,1.6387033960000001
990,0,93.7429,3.538794475,13.7486,1.639658036
991,0,93.7658,3.540596608,13.7543,1.640612904
992,0,93.7886,3.5414575360000002,13.76,1.641568
993,0,93.8114,3.543256578,13.7657,1.6425233240000001
994,0,93.8342,3.545056076,13.7715,1.643353095
995,0,93.8569,3.546852251,13.7772,1.64430882
996,0,93.8797,3.54865266,13.7829,1.645264773
997,0,93.9024,3.5504497440000002,13.7886,1.6462209540000001
998,0,93.9252,3.552251064,13.7943,1.647177363
999,0,93.9479,3.553109578,13.8,1.648134
1000,0,93.9706,3.5549077980000003,13.8057,1.649090865
1001,0,93.9932,3.556702688,13.8114,1.649909844
1002,0,94.0159,3.558501815,13.8171,1.6508671080000001
1003,0,94.0385,3.5602976099999997,13.8228,1.6518246
1004,0,94.0612,3.562097644,13.8285,1.65278232
1005,0,94.0838,3.5638943439999995,13.8341,1.6537283139999999
1006,0,94.1064,3.5647504319999994,13.8398,1.654686488
1007,0,94.129,3.5665478100000003,13.8455,1.655506435
1008,0,94.1516,3.5683456400000004,13.8512,1.656465008
1009,0,94.1741,3.5701401309999996,13.8569,1.657423809
1010,0,94.1967,3.5719388640000003,13.8625,1.6583708750000001
1011,0,94.2192,3.573734256,13.8682,1.65933013
1012,0,94.2417,3.5745876809999997,13.8739,1.660289613
1013,0,94.2642,3.576383748,13.8796,1.6611105279999998
1014,0,94.2867,3.5781802649999994,13.8852,1.66205844
1015,0,94.3092,3.579977232,13.8909,1.663018548
1016,0,94.3317,3.5817746489999998,13.8966,1.6639788839999998
1017,0,94.3541,3.583568718,13.9022,1.6649274720000002
1018,0,94.3765,3.58441947,13.9079,1.665888262
1019,0,94.399,3.5862180100000005,13.9135,1.6666981650000001
1020,0,94.4214,3.5880132000000002,13.9192,1.667659352
1021,0,94.4438,3.589808838,13.9248,1.668608784
1022,0,94.4662,3.591604924,13.9305,1.669570425
1023,0,94.4885,3.59245277,13.9361,1.670520307
1024,0,94.5109,3.5942495270000006,13.9418,1.671342984
1025,0,94.5332,3.5960429279999997,13.9474,1.67229326
1026,0,94.5556,3.59784058,13.9531,1.673255752
1027,0,94.5779,3.5996348739999995,13.9587,1.674206478
1028,0,94.6002,3.601429614,13.9644,1.675169424
1029,0,94.6225,3.602278575,13.97,1.6761206000000002
1030,0,94.6447,3.6040701760000005,13.9756,1.676932244
1031,0,94.667,3.60586603,13.9813,1.677895813
1032,0,94.6893,3.60766233,13.9869,1.678847607
1033,0,94.7115,3.609455265,13.9925,1.679799625
1034,0,94.7337,3.610301307,13.9982,1.680763874
1035,0,94.7559,3.612094908,14.0038,1.681576304
1036,0,94.7782,3.6138927659999998,14.0094,1.6825289399999999
1037,0,94.8003,3.615683442,14.015,1.6834818
1038,0,94.8225,3.6174783750000006,14.0207,1.684446898
1039,0,94.8447,3.6183253050000004,14.0263,1.6854002080000001
1040,0,94.8668,3.6201170879999998,14.0319,1.686213423
1041,0,94.889,3.6219131300000003,14.0375,1.687167125
1042,0,94.9111,3.623705798,14.0431,1.688121051
1043,0,94.9332,3.625498908,14.0488,1.689087224
1044,0,94.9553,3.6263429069999997,14.0544,1.6900415999999998
1045,0,94.9774,3.62813668,14.06,1.6908556000000001
1046,0,94.9995,3.629930895,14.0656,1.691810368
1047,0,95.0216,3.631725552,14.0712,1.6927653599999999
1048,0,95.0436,3.6325663919999998,14.0768,1.693720576
1049,0,95.0657,3.6343617110000004,14.0824,1.694535192
1050,0,95.0877,3.636153648,14.088,1.6954908
1051,0,95.1097,3.637946025,14.0936,1.696446632
1052,0,95.1317,3.639738842,14.0992,1.697402688
1053,0,95.1537,3.6405805620000002,14.1048,1.698358968
1054,0,95.1757,3.642374039,14.1104,1.699174368
1055,0,95.1977,3.644167956,14.116,1.70013104
1056,0,95.2197,3.645962313,14.1216,1.701087936
1057,0,95.2416,3.646800864,14.1272,1.702045056
1058,0,95.2636,3.64859588,14.1328,1.7030024
1059,0,95.2855,3.650387505,14.1384,1.7038185840000002
1060,0,95.3074,3.652179568,14.144,1.70477632
1061,0,95.3293,3.6539720690000004,14.1495,1.705722225
1062,0,95.3512,3.6548114960000007,14.1551,1.706680407
1063,0,95.3731,3.6566046539999997,14.1607,1.7074972060000002
1064,0,95.3949,3.6583944150000005,14.1663,1.70845578
1065,0,95.4168,3.6601884479999995,14.1719,1.709414578
1066,0,95.4386,3.6610246959999997,14.1775,1.7103736
1067,0,95.4605,3.662819385,14.183,1.7111789499999999
1068,0,95.4823,3.6646106739999995,14.1886,1.712138362
1069,0,95.5041,3.666402399,14.1942,1.713097998
1070,0,95.5259,3.667239301,14.1998,1.7140578579999999
1071,0,95.5477,3.66903168,14.2053,1.715005869
1072,0,95.5695,3.670824495,14.2109,1.7158240660000001
1073,0,95.5913,3.6726177460000002,14.2165,1.7167845400000001
1074,0,95.613,3.6734514600000003,14.2221,1.7177452379999998
1075,0,95.6348,3.675245364,14.2276,1.7186940800000001
1076,0,95.6565,3.67703586,14.2332,1.719512892
1077,0,95.6782,3.67882679,14.2388,1.720474204
1078,0,95.6999,3.679661155,14.2443,1.7214236550000002
1079,0,95.7216,3.681452736,14.2499,1.722385413
1080,0,95.7433,3.6832447509999997,14.2554,1.723192752
1081,0,95.765,3.6850372,14.261,1.7241548999999998
1082,0,95.7867,3.685872216,14.2666,1.725117272
1083,0,95.8083,3.6876614670000003,14.2721,1.726067774
1084,0,95.83,3.6894549999999997,14.2777,1.726887815
1085,0,95.8516,3.6902866000000003,14.2832,1.727838704
1086,0,95.8732,3.692076932,14.2888,1.728801912
1087,0,95.8948,3.693867696,14.2944,1.729765344
1088,0,95.9165,3.695662745,14.2999,1.7305738979999998
1089,0,95.938,3.6964911400000005,14.3055,1.73153772
1090,0,95.9596,3.6982829839999996,14.311,1.73248966
1091,0,95.9812,3.70007526,14.3166,1.7334539279999999
1092,0,96.0028,3.7018679679999993,14.3221,1.7342630890000001
1093,0,96.0243,3.7026970079999995,14.3277,1.735227747
1094,0,96.0459,3.704490363,14.3332,1.736180516
1095,0,96.0674,3.7062802920000006,14.3387,1.7371335049999999
1096,0,96.0889,3.707109762,14.3443,1.737955388
1097,0,96.1104,3.7089003359999997,14.3498,1.738908764
1098,0,96.1319,3.7106913400000003,14.3554,1.73987448
1099,0,96.1534,3.712482774,14.3609,1.740684689
1100,0,96.1749,3.7133128889999996,14.3665,1.7416507950000002
1101,0,96.1964,3.715104968,14.372,1.742605
1102,0,96.2178,3.7168936139999995,14.3775,1.743559425
1103,0,96.2393,3.717724159,14.3831,1.7443823680000001
1104,0,96.2607,3.7195134480000003,14.3886,1.7453371800000002
1105,0,96.2821,3.7213031649999997,14.3942,1.746304344
1106,0,96.3035,3.72309331,14.3997,1.7472595979999999
1107,0,96.325,3.7239245000000003,14.4052,1.74807102
1108,0,96.3464,3.7257152880000004,14.4108,1.749038796
1109,0,96.3677,3.727502636,14.4163,1.749994657
1110,0,96.3891,3.728330388,14.4218,1.750950738
1111,0,96.4105,3.730122245,14.4274,1.751774908
1112,0,96.4318,3.7319106599999996,14.4329,1.752731376
1113,0,96.4532,3.7327388399999997,14.4384,1.7536880639999999
1114,0,96.4745,3.7345278950000003,14.4439,1.7545005329999999
1115,0,96.4958,3.7363173759999997,14.4495,1.755469755
1116,0,96.5172,3.738111156,14.455,1.75642705
1117,0,96.5385,3.738936105,14.4605,1.757384565
1118,0,96.5598,3.7407266519999993,14.4661,1.758209794
1119,0,96.581,3.74251375,14.4716,1.759167696
1120,0,96.6023,3.743339125,14.4771,1.760125818
1121,0,96.6236,3.745130736,14.4826,1.760939334
1122,0,96.6448,3.746918896,14.4881,1.761897841
1123,0,96.6661,3.747744697,14.4937,1.7628687310000002
1124,0,96.6873,3.749533494,14.4992,1.76382768
1125,0,96.7085,3.7513227149999997,14.5047,1.764641802
1126,0,96.7298,3.752148942,14.5102,1.765601136
1127,0,96.751,3.7539388000000002,14.5158,1.7665728600000001
1128,0,96.7722,3.7557290819999998,14.5213,1.767387423
1129,0,96.7933,3.756547973,14.5268,1.768347364
1130,0,96.8145,3.7583388899999997,14.5323,1.7693075249999999
1131,0,96.8357,3.7601302310000007,14.5378,1.7702679060000002
1132,0,96.8568,3.7609495440000007,14.5433,1.771083074
1133,0,96.878,3.76274152,14.5489,1.77205602
1134,0,96.8991,3.7645300350000004,14.5544,1.7730170079999998
1135,0,96.9203,3.765353655,14.5599,1.773832617
1136,0,96.9414,3.767142804,14.5654,1.77479399
1137,0,96.9625,3.7689323750000003,14.5709,1.775755583
1138,0,96.9836,3.769752532,14.5764,1.776717396
1139,0,97.0047,3.771542736,14.5819,1.7775336099999999
1140,0,97.0258,3.7733333620000002,14.5875,1.778508
1141,0,97.0468,3.7741500520000004,14.593,1.77947042
1142,0,97.0679,3.7759413099999994,14.5985,1.780287075
1143,0,97.0889,3.7777290989999996,14.604,1.7812498799999998
1144,0,97.11,3.7785501,14.6095,1.7822129050000002
1145,0,97.131,3.7803385200000004,14.615,1.78303
1146,0,97.1521,3.782131253,14.6205,1.7839934100000001
1147,0,97.1731,3.782948783,14.626,1.7849570399999999
1148,0,97.1941,3.7847382540000005,14.6315,1.78592089
1149,0,97.2151,3.786528145,14.6371,1.786750797
1150,0,97.2361,3.7873460949999997,14.6426,1.787715034
1151,0,97.257,3.7891327200000005,14.6481,1.788679491
1152,0,97.278,3.79092366,14.6536,1.7894976320000002
1153,0,97.299,3.79174203,14.6591,1.7904624740000001
1154,0,97.3199,3.7935297020000003,14.6646,1.791427536
1155,0,97.3409,3.795321691,14.6701,1.792246117
1156,0,97.3618,3.796136582,14.6756,1.793211564
1157,0,97.3827,3.7979253,14.6811,1.7941772310000002
1158,0,97.4036,3.7997144360000004,14.6866,1.794996252
1159,0,97.4245,3.800529745,14.6921,1.7959623040000001
1160,0,97.4454,3.802319508,14.6976,1.7969285759999998
1161,0,97.4663,3.803135026,14.7032,1.797907296
1162,0,97.4872,3.804925416,14.7087,1.798726923
1163,0,97.5081,3.8067162239999996,14.7142,1.799693802
1164,0,97.5289,3.8075282559999994,14.7197,1.8006609009999999
1165,0,97.5498,3.80931969,14.7252,1.801480968
1166,0,97.5706,3.8111076359999996,14.7307,1.802448452
1167,0,97.5914,3.8119200839999996,14.7362,1.8034161560000002
1168,0,97.6123,3.8137125610000004,14.7417,1.804236663
1169,0,97.6331,3.815501548,14.7472,1.805204752
1170,0,97.6539,3.816314411999999,14.7527,1.806173061
1171,0,97.6747,3.818104023,14.7582,1.806994008
1172,0,97.6954,3.818913186,14.7637,1.807962702
1173,0,97.7162,3.8207034200000005,14.7692,1.808931616
1174,0,97.737,3.82249407,14.7747,1.809753003
1175,0,97.7577,3.823303647,14.7802,1.810722302
1176,0,97.7785,3.82509492,14.7857,1.8116918210000001
1177,0,97.7992,3.8268826959999998,14.7912,1.812513648
1178,0,97.8199,3.827692687,14.7967,1.8134835519999999
1179,0,97.8406,3.8294810839999998,14.8022,1.8144536759999998
1180,0,97.8614,3.8302951960000002,14.8077,1.815275943
1181,0,97.8821,3.8320842149999996,14.8132,1.816246452
1182,0,97.9027,3.8338697319999997,14.8187,1.817217181
1183,0,97.9234,3.834680344,14.8242,1.8181881299999998
1184,0,97.9441,3.8364703970000007,14.8297,1.819011002
1185,0,97.9647,3.837277299,14.8352,1.819982336
1186,0,97.9854,3.839067972,14.8407,1.82095389
1187,0,98.006,3.8408551400000004,14.8462,1.821777202
1188,0,98.0267,3.8416663730000002,14.8517,1.822749141
1189,0,98.0473,3.8434541600000003,14.8572,1.8237213
1190,0,98.0679,3.84426168,14.8627,1.824545052
1191,0,98.0885,3.846050085,14.8682,1.825517596
1192,0,98.1091,3.847838902,14.8737,1.82649036
1193,0,98.1297,3.8486468339999997,14.8792,1.827314552
1194,0,98.1503,3.8504362690000002,14.8847,1.828287701
1195,0,98.1708,3.8522221919999997,14.8902,1.82926107
1196,0,98.1914,3.853030536,14.8957,1.8300857019999999
1197,0,98.2119,3.854817075,14.9012,1.831059456
1198,0,98.2325,3.855625625,14.9067,1.83203343
1199,0,98.253,3.85741278,14.9122,1.8328585020000001
1200,0,98.2735,3.859200345,14.9177,1.8338328609999999
1201,0,98.294,3.8600053799999996,14.9232,1.83480744
1202,0,98.3145,3.86179356,14.9287,1.8356329519999999
1203,0,98.335,3.8625987999999998,14.9342,1.8366079160000002
1204,0,98.3555,3.864387595,14.9397,1.8375831
1205,0,98.3759,3.865189111,14.9452,1.8384090519999998
1206,0,98.3964,3.86697852,14.9507,1.839384621
1207,0,98.4169,3.868768339,14.9562,1.8403604100000002
1208,0,98.4373,3.8695702629999995,14.9617,1.8411868020000002
1209,0,98.4577,3.871356764,14.9672,1.842162976
1210,0,98.4782,3.872162824,14.9727,1.84313937
1211,0,98.4986,3.8739499379999995,14.9782,1.8439662019999998
1212,0,98.519,3.8757374600000003,14.9837,1.8449429810000002
1213,0,98.5394,3.876539996,14.9892,1.84591998
1214,0,98.5598,3.8783281300000003,14.9947,1.8467472520000001
1215,0,98.5801,3.8791269350000004,15.0002,1.847724636
1216,0,98.6005,3.8809156799999998,15.0057,1.84870224
1217,0,98.6209,3.8827048330000005,15.0112,1.8495299520000001
1218,0,98.6412,3.883504044,15.0167,1.850507941
1219,0,98.6615,3.88528987,15.0222,1.85148615
1220,0,98.6819,3.886093222,15.0277,1.852314302
1221,0,98.7022,3.887879658,15.0332,1.8532928960000001
1222,0,98.7225,3.888679275,15.0387,1.8542717100000001
1223,0,98.7428,3.89046632,15.0442,1.855100302
1224,0,98.7631,3.892253771,15.0497,1.856079501
1225,0,98.7834,3.893053794,15.0552,1.8570589199999998
1226,0,98.8036,3.894837912,15.0607,1.857887952
1227,0,98.8239,3.8956381379999994,15.0662,1.858867756
1228,0,98.8442,3.897426806,15.0717,1.85984778
1229,0,98.8644,3.898223292,15.0772,1.860828024
1230,0,98.8846,3.9000086240000007,15.0827,1.8616576610000002
1231,0,98.9049,3.901798305,15.0882,1.86263829
1232,0,98.9251,3.902595195,15.0937,1.8636191389999999
1233,0,98.9453,3.9043815380000004,15.0992,1.8644492160000001
1234,0,98.9655,3.9051786300000004,15.1047,1.8654304499999999
1235,0,98.9857,3.9069655789999995,15.1102,1.8664119040000002
1236,0,99.0058,3.9077589259999996,15.1157,1.867242421
1237,0,99.026,3.90954648,15.1212,1.8682242599999999
1238,0,99.0461,3.9113304889999996,15.1267,1.869206319
1239,0,99.0663,3.9121281869999995,15.1322,1.870037276
1240,0,99.0864,3.9139128,15.1377,1.87101972
1241,0,99.1065,3.91470675,15.1432,1.872002384
1242,0,99.1267,3.916495917,15.1487,1.872833781
1243,0,99.1468,3.9172900680000002,15.1542,1.8738168299999998
1244,0,99.1669,3.919075888,15.1596,1.874787732
1245,0,99.1869,3.9198662879999997,15.1651,1.875619568
1246,0,99.207,3.92165271,15.1706,1.87660322
1247,0,99.2271,3.9234395339999995,15.1761,1.877587092
1248,0,99.2471,3.924230334,15.1816,1.878419368
1249,0,99.2672,3.92601776,15.1871,1.879403625
1250,0,99.2872,3.92680876,15.1926,1.8803881020000002
1251,0,99.3072,3.9285928319999996,15.1981,1.881372799
1252,0,99.3272,3.929384032,15.2036,1.8822056799999998
1253,0,99.3472,3.931168704,15.2091,1.883190762
1254,0,99.3672,3.931960104,15.2146,1.8841760640000003
1255,0,99.3872,3.933745376,15.2201,1.885009385
1256,0,99.4072,3.934536976,15.2256,1.8859950719999998
1257,0,99.4272,3.936322848,15.2311,1.886980979
1258,0,99.4471,3.9381051600000005,15.2366,1.8878147399999998
1259,0,99.4671,3.9388971600000002,15.2421,1.8888010320000002
1260,0,99.487,3.9406800699999995,15.2476,1.889787544
1261,0,99.5069,3.9414683090000002,15.2531,1.890621745
1262,0,99.5268,3.943251816,15.2586,1.8916086419999998
1263,0,99.5467,3.9440402540000004,15.2641,1.892595759
1264,0,99.5666,3.9458243579999994,15.2696,1.893583096
1265,0,99.5865,3.9466129949999997,15.2751,1.894417902
1266,0,99.6064,3.948397696,15.2806,1.895405624
1267,0,99.6262,3.949182568,15.2861,1.896393566
1268,0,99.6461,3.950967865,15.2916,1.897228812
1269,0,99.666,3.95275356,15.2971,1.8982171390000002
1270,0,99.6858,3.953538828,15.3026,1.899205686
1271,0,99.7056,3.955321152,15.3081,1.9000413719999998
1272,0,99.7254,3.9561066179999993,15.3135,1.9010178899999999
1273,0,99.7452,3.9578895359999997,15.319,1.9020070400000002
1274,0,99.765,3.9586752,15.3245,1.90299641
1275,0,99.7848,3.9604587120000003,15.33,1.9038327
1276,0,99.8046,3.961244574,15.3355,1.904822455
1277,0,99.8244,3.96302868,15.341,1.90581243
1278,0,99.8441,3.96381077,15.3465,1.9066491600000002
1279,0,99.8639,3.965595469,15.352,1.90763952
1280,0,99.8836,3.9663777560000004,15.3575,1.9086301
1281,0,99.9034,3.968163048,15.363,1.9096209
1282,0,99.9231,3.968945532,15.3685,1.910458235
1283,0,99.9428,3.9707274440000004,15.374,1.91144942
1284,0,99.9625,3.9715101250000004,15.3795,1.912440825
1285,0,99.9822,3.973292628,15.385,1.9132786
1286,0,100.0019,3.9750755250000003,15.3905,1.91427039
1287,0,100.0216,3.9758586000000005,15.396,1.9152624
1288,0,100.0412,3.9776381119999997,15.4015,1.91625463
1289,0,100.0609,3.978421384,15.407,1.91709301
1290,0,100.0805,3.980201485,15.4125,1.918085625
1291,0,100.1002,3.980984954,15.4179,1.919066013
1292,0,100.1198,3.982765644,15.4234,1.919904832
1293,0,100.1394,3.9835453320000003,15.4289,1.9208980500000001
1294,0,100.1591,3.9853305889999997,15.4344,1.9218914880000002
1295,0,100.1787,3.986110473,15.4399,1.922885146
1296,0,100.1983,3.98789234,15.4454,1.9237245699999999
1297,0,100.2178,3.98866844,15.4509,1.924718613
1298,0,100.2374,3.9904508939999994,15.4564,1.9257128760000002
1299,0,100.257,3.99123117,15.4619,1.926707359
1300,0,100.2765,3.99301023,15.4674,1.9275473879999998
1301,0,100.2961,3.993790702,15.4729,1.9285422559999998
1302,0,100.3156,3.9955703479999998,15.4784,1.929537344
1303,0,100.3352,3.9963510159999998,15.4839,1.930377813
1304,0,100.3547,3.998131248,15.4894,1.931373286
1305,0,100.3742,3.998908128,15.4948,1.932356508
1306,0,100.3937,4.000688944999999,15.5003,1.9333524189999998
1307,0,100.4132,4.00146602,15.5058,1.9341934920000001
1308,0,100.4327,4.003247422,15.5113,1.935189788
1309,0,100.4522,4.004024692,15.5168,1.936186304
1310,0,100.4717,4.005806679,15.5223,1.9371830399999999
1311,0,100.4911,4.006580157,15.5278,1.9380247179999999
1312,0,100.5106,4.008362728,15.5333,1.939021839
1313,0,100.53,4.0091364,15.5388,1.94001918
1314,0,100.5495,4.010919555,15.5443,1.9410167409999999
1315,0,100.5689,4.01269911,15.5498,1.941859024
1316,0,100.5883,4.01347317,15.5552,1.9428444799999998
1317,0,100.6077,4.015253307,15.5607,1.943842644
1318,0,100.6271,4.0160275610000005,15.5662,1.944841028
1319,0,100.6465,4.01780828,15.5717,1.945683915
1320,0,100.6659,4.018582727999999,15.5772,1.946682684
1321,0,100.6853,4.020364029,15.5827,1.9476816730000002
1322,0,100.7046,4.021134678,15.5882,1.9486808820000001
1323,0,100.724,4.0229165600000005,15.5937,1.949524374
1324,0,100.7434,4.023691396,15.5992,1.9505239680000002
1325,0,100.7627,4.025469865,15.6047,1.951523782
1326,0,100.782,4.0262408999999995,15.6101,1.9525113079999998
1327,0,100.8013,4.028019948,15.6156,1.95351156
1328,0,100.8207,4.028795172000001,15.6211,1.954355821
1329,0,100.84,4.0305748,15.6266,1.9553564579999998
1330,0,100.8593,4.031346221,15.6321,1.9563573150000002
1331,0,100.8786,4.033126428,15.6376,1.9573583920000002
1332,0,100.8978,4.033894044,15.6431,1.9582032580000002
1333,0,100.9171,4.035674829,15.6486,1.95920472
1334,0,100.9364,4.036446636,15.654,1.96019388
1335,0,100.9556,4.0382240000000005,15.6595,1.9611957799999997
1336,0,100.9749,4.038996,15.665,1.9621979
1337,0,100.9941,4.040773940999999,15.6705,1.963043535
1338,0,101.0134,4.041546134,15.676,1.9640460400000002
1339,0,101.0326,4.043324652,15.6815,1.9650487650000001
1340,0,101.0518,4.044093036,15.687,1.96605171
1341,0,101.071,4.04587213,15.6924,1.966885416
1342,0,101.0902,4.046640706,15.6979,1.9678887440000001
1343,0,101.1094,4.048420375999999,15.7034,1.9688922919999998
1344,0,101.1286,4.0491891440000005,15.7089,1.9698960600000002
1345,0,101.1477,4.049953908,15.7144,1.970900048
1346,0,101.1669,4.051734345,15.7199,1.9717470570000004
1347,0,101.1861,4.052503305,15.7253,1.9727388850000003
1348,0,101.2052,4.054280312,15.7308,1.973743476
1349,0,101.2244,4.055049464,15.7363,1.974748287
1350,0,101.2435,4.056827045,15.7418,1.9757533180000002
1351,0,101.2626,4.057592382,15.7473,1.9766010959999998
1352,0,101.2817,4.059370535999999,15.7528,1.9776065120000004
1353,0,101.3008,4.060136064,15.7582,1.9785995920000001
1354,0,101.32,4.0619188,15.7637,1.9796054459999999
1355,0,101.339,4.06268051,15.7692,1.9806115199999998
1356,0,101.3581,4.06445981,15.7747,1.981460067
1357,0,101.3772,4.06522572,15.7802,1.982466526
1358,0,101.3963,4.067005593,15.7856,1.9834606400000003
1359,0,101.4153,4.0677676830000005,15.7911,1.984467537
1360,0,101.4344,4.069548128,15.7966,1.985474654
1361,0,101.4535,4.070314420000001,15.8021,1.98632397
1362,0,101.4725,4.072091425,15.8076,1.9873314720000002
1363,0,101.4915,4.072853895,15.813,1.9883266199999998
1364,0,101.5106,4.074635484,15.8185,1.9893345600000003
1365,0,101.5296,4.075398144,15.824,1.9903427200000001
1366,0,101.5486,4.07717629,15.8295,1.9913511
1367,0,101.5676,4.07793914,15.835,1.9922013500000002
1368,0,101.5866,4.079717856,15.8404,1.993197532
1369,0,101.6056,4.080480896,15.8459,1.994206515
1370,0,101.6246,4.082260182,15.8514,1.995215718
1371,0,101.6435,4.083019395,15.8569,1.996225141
1372,0,101.6625,4.08479925,15.8623,1.9972221929999998
1373,0,101.6815,4.08556267,15.8678,1.9980733760000002
1374,0,101.7004,4.087339076,15.8733,1.999083402
1375,0,101.7194,4.088102685999999,15.8788,2.000093648
1376,0,101.7383,4.089879659999999,15.8842,2.0010915160000002
1377,0,101.7572,4.0906394399999995,15.8897,2.0021022
1378,0,101.7762,4.09140324,15.8952,2.003113104
1379,0,101.7951,4.093180971000001,15.9007,2.003965221
1380,0,101.814,4.09394094,15.9061,2.004963905
1381,0,101.8329,4.095719238,15.9116,2.0059754119999997
1382,0,101.8518,4.096479395999999,15.9171,2.006987139
1383,0,101.8707,4.098258261,15.9226,2.007999086
1384,0,101.8896,4.099018608000001,15.928,2.00899864
1385,0,101.9085,4.10079804,15.9335,2.0100110250000003
1386,0,101.9274,4.101558576,15.939,2.01086424
1387,0,101.9462,4.1033345500000005,15.9445,2.0118770099999996
1388,0,101.9651,4.104095275000001,15.9499,2.01287738
1389,0,101.9839,4.105871814,15.9554,2.0138905879999998
1390,0,102.0028,4.106632727999999,15.9609,2.014904016
1391,0,102.0216,4.108409832,15.9664,2.0159176640000003
1392,0,102.0405,4.109170935,15.9718,2.016759186
1393,0,102.0593,4.110948604,15.9773,2.0177732170000002
1394,0,102.0781,4.1117058680000005,15.9828,2.018787468
1395,0,102.097,4.1134881299999995,15.9882,2.0197893060000003
1396,0,102.1158,4.114245582,15.9937,2.020803995
1397,0,102.1346,4.116024380000001,15.9992,2.0218189040000003
1398,0,102.1534,4.1167820200000005,16.0047,2.022834033
1399,0,102.1722,4.11753966,16.0101,2.023836741
1400,0,102.191,4.11931921,16.0156,2.024692152
1401,0,102.2097,4.120073006999999,16.0211,2.025707884
1402,0,102.2285,4.12185312,16.0265,2.0267111899999994
1403,0,102.2473,4.122611136,16.032,2.02772736
1404,0,102.2661,4.124391813,16.0375,2.0287437500000003
1405,0,102.2848,4.1251459839999995,16.043,2.0297603599999996
1406,0,102.3036,4.126927224,16.0484,2.0307645360000004
1407,0,102.3223,4.127681582,16.0539,2.031781584
1408,0,102.3411,4.129463384999999,16.0594,2.032638258
1409,0,102.3598,4.13021793,16.0648,2.0336430320000005
1410,0,102.3785,4.13199626,16.0703,2.034660683
1411,0,102.3972,4.132750992,16.0758,2.035678554
1412,0,102.416,4.13453392,16.0812,2.0366839800000003
1413,0,102.4347,4.135288839,16.0867,2.0377022890000003
1414,0,102.4534,4.1360437580000005,16.0922,2.038720818
1415,0,102.4721,4.137823398,16.0976,2.039726896
1416,0,102.4908,4.138578504,16.1031,2.040745863
1417,0,102.5095,4.140358705000001,16.1086,2.0416039639999997
1418,0,102.5282,4.141113998,16.114,2.0426106400000004
1419,0,102.5469,4.14289476,16.1195,2.04363021
1420,0,102.5655,4.1436462,16.125,2.04465
1421,0,102.5842,4.145427522,16.1304,2.045657328
1422,0,102.6029,4.146183189,16.1359,2.046677556
1423,0,102.6215,4.147961029999999,16.1414,2.047698004
1424,0,102.6402,4.148716884,16.1468,2.0487059839999997
1425,0,102.6588,4.150495284,16.1523,2.04972687
1426,0,102.6775,4.151251325,16.1578,2.0507479760000002
1427,0,102.6961,4.153030284,16.1632,2.0515949759999996
1428,0,102.7148,4.153786512,16.1687,2.0526164650000003
1429,0,102.7334,4.1545386959999995,16.1742,2.053638174
1430,0,102.752,4.1563184,16.1796,2.054647404
1431,0,102.7706,4.15707077,16.1851,2.055669551
1432,0,102.7893,4.158855078,16.1906,2.056691918
1433,0,102.8079,4.159607634,16.196,2.0577018000000002
1434,0,102.8265,4.161388455,16.2015,2.0587246049999997
1435,0,102.8451,4.162141197,16.2069,2.0597349210000004
1436,0,102.8637,4.163922576,16.2124,2.0607581639999997
1437,0,102.8823,4.164675504,16.2179,2.061781627
1438,0,102.9009,4.1664574409999995,16.2233,2.062792595
1439,0,102.9195,4.167210555,16.2288,2.063816496
1440,0,102.938,4.168989,16.2343,2.064678274
1441,0,102.9566,4.1697423,16.2397,2.06568984
1442,0,102.9752,4.1704956,16.2452,2.066714344
1443,0,102.9938,4.1722788379999995,16.2506,2.0677263439999995
1444,0,103.0123,4.173028273,16.2561,2.0687512860000004
1445,0,103.0309,4.1748120680000005,16.2616,2.0697764480000003
1446,0,103.0494,4.175561688,16.267,2.0707891
1447,0,103.068,4.17734604,16.2725,2.0718147
1448,0,103.0865,4.178095845,16.2779,2.072827786
1449,0,103.1051,4.179880754,16.2834,2.073853824
1450,0,103.1236,4.180630744,16.2889,2.074880082
1451,0,103.1421,4.182412155000001,16.2943,2.07589382
1452,0,103.1607,4.183166385000001,16.2998,2.0769205160000004
1453,0,103.1792,4.18391656,16.3053,2.0779474319999998
1454,0,103.1977,4.185698712,16.3107,2.078961822
1455,0,103.2162,4.186449072,16.3162,2.079826014
1456,0,103.2348,4.1882358360000005,16.3216,2.080840784
1457,0,103.2533,4.188986381,16.3271,2.0818685210000005
1458,0,103.2718,4.1907696439999995,16.3325,2.082883725
1459,0,103.2903,4.1915203739999995,16.338,2.0839119
1460,0,103.3088,4.193304192,16.3435,2.0849402949999996
1461,0,103.3273,4.194055107,16.3489,2.085956151
1462,0,103.3458,4.195839479999999,16.3544,2.086984984
1463,0,103.3643,4.19659058,16.3598,2.088001274
1464,0,103.3827,4.19733762,16.3653,2.0890305450000004
1465,0,103.4012,4.199122732,16.3708,2.090060036
1466,0,103.4197,4.199874017,16.3762,2.0910769780000003
1467,0,103.4382,4.201659684,16.3817,2.092106907
1468,0,103.4566,4.2024070920000005,16.3871,2.0931242830000003
1469,0,103.4751,4.204193313,16.3926,2.09415465
1470,0,103.4936,4.204944968,16.3981,2.095185237
1471,0,103.512,4.20672768,16.4035,2.0962032649999998
1472,0,103.5305,4.207479520000001,16.409,2.09723429
1473,0,103.5489,4.209262785,16.4144,2.098252752
1474,0,103.5674,4.2100148100000006,16.4199,2.0992842149999995
1475,0,103.5858,4.2107627700000005,16.4253,2.100303111
1476,0,103.6043,4.212550838,16.4308,2.1013350120000003
1477,0,103.6227,4.2132989819999995,16.4363,2.102367133
1478,0,103.6412,4.215087604,16.4417,2.103386681
1479,0,103.6596,4.215835932,16.4472,2.10441924
1480,0,103.678,4.21762104,16.4526,2.105439222
1481,0,103.6965,4.21837362,16.4581,2.106472219
1482,0,103.7149,4.220159281,16.4635,2.1074926350000003
1483,0,103.7333,4.2209079769999995,16.469,2.1085260700000004
1484,0,103.7517,4.221656673,16.4745,2.10939498
1485,0,103.7701,4.22344307,16.4799,2.1104159940000002
1486,0,103.7885,4.22419195,16.4854,2.1114500319999996
1487,0,103.807,4.2259829700000004,16.4908,2.11247148
1488,0,103.8254,4.226732034,16.4963,2.1135059560000005
1489,0,103.8438,4.228519536,16.5017,2.114527838
1490,0,103.8622,4.229268784,16.5072,2.115562752
1491,0,103.8806,4.231056838000001,16.5126,2.1165850679999996
1492,0,103.899,4.23180627,16.5181,2.11762042
1493,0,103.9174,4.232555702,16.5236,2.118655992
1494,0,103.9357,4.2343404179999995,16.529,2.11967896
1495,0,103.9541,4.235090034,16.5345,2.1207149700000003
1496,0,103.9725,4.236879375,16.5399,2.121738372
1497,0,103.9909,4.237629175,16.5454,2.12277482
1498,0,104.0093,4.239419067999999,16.5508,2.1237986559999995
1499,0,104.0277,4.240169052,16.5563,2.124835542
1500,0,104.046,4.24195542,16.5618,2.125872648
1501,0,104.0644,4.242705588000001,16.5672,2.1268971359999997
1502,0,104.0828,4.244496584,16.5727,2.12793468
1503,0,104.1011,4.245242858,16.5781,2.128959602
1504,0,104.1195,4.24599321,16.5836,2.129997584
1505,0,104.1379,4.247784941,16.589,2.13102294
1506,0,104.1562,4.248531398,16.5945,2.1320613600000002
1507,0,104.1746,4.25032368,16.5999,2.13308715
1508,0,104.1929,4.25107032,16.6054,2.134126008
1509,0,104.2113,4.252863153,16.6109,2.1351650859999998
1510,0,104.2296,4.253609976,16.6163,2.136191528
1511,0,104.248,4.255403360000001,16.6218,2.137231044
1512,0,104.2663,4.256150366,16.6272,2.1382579199999996
1513,0,104.2847,4.256901454,16.6327,2.139464201
1514,0,104.303,4.2586914899999995,16.6381,2.140491565
1515,0,104.3213,4.259438679,16.6436,2.141532012
1516,0,104.3397,4.261233348,16.649,2.1425598100000003
1517,0,104.358,4.26198072,16.6545,2.1436006949999995
1518,0,104.3763,4.263771855,16.6599,2.1446289270000003
1519,0,104.3947,4.264523495,16.6654,2.1456702500000002
1520,0,104.413,4.26631518,16.6709,2.1467117929999997
1521,0,104.4313,4.267062918,16.6763,2.147740677
1522,0,104.4496,4.267810656,16.6818,2.148782658
1523,0,104.4679,4.269603073,16.6872,2.149811976
1524,0,104.4863,4.270355081,16.6927,2.1508543949999996
1525,0,104.5046,4.272148048,16.6981,2.151884147
1526,0,104.5229,4.272896152,16.7036,2.1529270040000004
1527,0,104.5412,4.274689668000001,16.709,2.15395719
1528,0,104.5595,4.275437955,16.7145,2.155000485
1529,0,104.5778,4.2761862420000005,16.72,2.156044
1530,0,104.5961,4.27798049,16.7254,2.157074838
1531,0,104.6144,4.27872896,16.7309,2.1581187909999997
1532,0,104.6327,4.280523757,16.7363,2.1591500630000002
1533,0,104.651,4.28127241,16.7418,2.1601944540000004
1534,0,104.6693,4.283067756,16.7472,2.16122616
1535,0,104.6876,4.283816592,16.7527,2.162270989
1536,0,104.7059,4.285612487,16.7581,2.163303129
1537,0,104.7242,4.2863615059999995,16.7636,2.1643483960000003
1538,0,104.7425,4.287110525,16.769,2.1653809699999997
1539,0,104.7608,4.288907152,16.7745,2.166426675
1540,0,104.7791,4.289656354,16.78,2.1674726000000004
1541,0,104.7974,4.29145353,16.7854,2.168505826
1542,0,104.8157,4.292202915000001,16.7909,2.169552189
1543,0,104.8339,4.2939965440000005,16.7963,2.170585849
1544,0,104.8522,4.294746112,16.8018,2.1716326500000003
1545,0,104.8705,4.296544385,16.8072,2.1728348160000004
1546,0,104.8888,4.297294136,16.8127,2.17388211
1547,0,104.9071,4.2980438869999995,16.8181,2.174916692
1548,0,104.9253,4.299838794,16.8236,2.175964424
1549,0,104.9436,4.300588728,16.829,2.1769994400000003
1550,0,104.9619,4.302388281,16.8345,2.1780476099999997
1551,0,104.9802,4.303138398,16.84,2.179096
1552,0,104.9984,4.3049344000000005,16.8454,2.1801316680000005
1553,0,105.0167,4.3056847000000005,16.8509,2.181180496
1554,0,105.035,4.3064350000000005,16.8563,2.182216598
1555,0,105.0532,4.308231732,16.8618,2.183265864
1556,0,105.0715,4.3089822149999994,16.8672,2.1843024
1557,0,105.0898,4.310783596,16.8727,2.1853521039999997
1558,0,105.108,4.31153016,16.8781,2.1863890739999996
1559,0,105.1263,4.313332088999999,16.8836,2.1874392160000005
1560,0,105.1445,4.314078834999999,16.8891,2.188489578
1561,0,105.1628,4.315881312,16.8945,2.1895272
1562,0,105.1811,4.316632344,16.9,2.190578
1563,0,105.1993,4.317379272,16.9054,2.1917851099999996
1564,0,105.2176,4.31918248,16.9109,2.1928364030000003
1565,0,105.2358,4.31992959,16.9163,2.193874947
1566,0,105.2541,4.321733345999999,16.9218,2.194926678
1567,0,105.2723,4.322480638,16.9272,2.1959656560000003
1568,0,105.2906,4.324284942,16.9327,2.197017825
1569,0,105.3088,4.325032416000001,16.9382,2.198070214
1570,0,105.3271,4.325783997,16.9436,2.1991098439999996
1571,0,105.3453,4.327584924,16.9491,2.200162671
1572,0,105.3635,4.32833258,16.9545,2.201202735
1573,0,105.3818,4.330138162,16.96,2.202256
1574,0,105.4,4.3308860000000005,16.9654,2.2032964980000003
1575,0,105.4183,4.33269213,16.9709,2.204350201
1576,0,105.4365,4.3334401499999995,16.9763,2.2053911329999996
1577,0,105.4547,4.335242717,16.9818,2.206445274
1578,0,105.473,4.33599503,16.9873,2.207669508
1579,0,105.4912,4.336743232,16.9927,2.208711146
1580,0,105.5094,4.338546527999999,16.9982,2.209766
1581,0,105.5277,4.339299024,17.0036,2.210808072
1582,0,105.5459,4.341102867,17.0091,2.2118633639999996
1583,0,105.5641,4.3418514329999995,17.0145,2.21290587
1584,0,105.5824,4.343659936000001,17.02,2.2139615999999998
1585,0,105.6006,4.344408684,17.0255,2.2150175500000002
1586,0,105.6188,4.345157432,17.0309,2.216060708
1587,0,105.637,4.34696255,17.0364,2.217117096
1588,0,105.6553,4.3477155949999995,17.0418,2.2181606879999998
1589,0,105.6735,4.34952126,17.0473,2.219217514
1590,0,105.6917,4.350270372,17.0527,2.2202615400000005
1591,0,105.7099,4.352076583,17.0582,2.221489386
1592,0,105.7281,4.352825877,17.0636,2.2225339
1593,0,105.7463,4.353575171,17.0691,2.2235916569999996
1594,0,105.7646,4.355386228,17.0746,2.224649634
1595,0,105.7828,4.356135704,17.08,2.2256948
1596,0,105.801,4.357943189999999,17.0855,2.226753215
1597,0,105.8192,4.358692848,17.0909,2.227798815
1598,0,105.8374,4.36050088,17.0964,2.2288576680000003
1599,0,105.8556,4.36125072,17.1018,2.229903702
1600,0,105.8738,4.36200056,17.1073,2.230962993
1601,0,105.892,4.36380932,17.1127,2.232009461
1602,0,105.9102,4.364559342,17.1182,2.2330691900000006
1603,0,105.9284,4.366368648,17.1237,2.2341291389999998
1604,0,105.9466,4.367118852,17.1291,2.23534755
1605,0,105.9648,4.368928704,17.1346,2.2364079919999997
1606,0,105.983,4.369679090000001,17.14,2.2374556
1607,0,106.0012,4.370429476,17.1455,2.23851648
1608,0,106.0194,4.372240056,17.1509,2.2395645220000002
1609,0,106.0376,4.372990624,17.1564,2.24062584
1610,0,106.0558,4.3748017500000005,17.1618,2.241674316
1611,0,106.074,4.3755525,17.1673,2.242736072
1612,0,106.0922,4.377364172,17.1728,2.243798048
1613,0,106.1104,4.378115104,17.1782,2.244847176
1614,0,106.1286,4.379927322,17.1837,2.2459095900000006
1615,0,106.1467,4.380674309,17.1891,2.247131043
1616,0,106.1649,4.3814254230000005,17.1946,2.24819395
1617,0,106.1831,4.383238368,17.2,2.249244
1618,0,106.2013,4.383989664,17.2055,2.250307345
1619,0,106.2195,4.385803155,17.2109,2.251357829
1620,0,106.2377,4.386554633,17.2164,2.252421612
1621,0,106.2558,4.38836454,17.2218,2.2534725300000003
1622,0,106.274,4.3891162,17.2273,2.254536751
1623,0,106.2922,4.38986786,17.2328,2.2556011920000003
1624,0,106.3104,4.391682624,17.2382,2.256652762
1625,0,106.3285,4.392430335,17.2437,2.2577176409999997
1626,0,106.3467,4.394245644000001,17.2491,2.2589421359999995
1627,0,106.3649,4.394997668,17.2546,2.260007508
1628,0,106.3831,4.395749692,17.26,2.2610600000000005
1629,0,106.4012,4.397561596,17.2655,2.2621258099999997
1630,0,106.4194,4.398313802,17.2709,2.263178736
1631,0,106.4376,4.400130384000001,17.2764,2.264244984
1632,0,106.4557,4.400878638,17.2818,2.265298344
1633,0,106.4739,4.402695765,17.2873,2.26636503
1634,0,106.4921,4.403448334999999,17.2927,2.267418824
1635,0,106.5102,4.4041967699999995,17.2982,2.2684859480000004
1636,0,106.5284,4.406014624,17.3037,2.269726329
1637,0,106.5465,4.40676324,17.3091,2.270780829
1638,0,106.5647,4.408581638999999,17.3146,2.271848666
1639,0,106.5829,4.409334573,17.32,2.2729036000000002
1640,0,106.601,4.41114938,17.3255,2.2739718750000004
1641,0,106.6192,4.411902496000001,17.3309,2.275027243
1642,0,106.6373,4.412651474,17.3364,2.276095956
1643,0,106.6555,4.414471145,17.3418,2.277151758
1644,0,106.6736,4.415220304,17.3473,2.2782209090000003
1645,0,106.6918,4.41704052,17.3527,2.2792771449999996
1646,0,106.7099,4.41778986,17.3582,2.2803467339999997
1647,0,106.7281,4.419610621,17.3636,2.28157704
1648,0,106.7462,4.420360142000001,17.3691,2.282647122
1649,0,106.7644,4.421113804,17.3745,2.2837042800000003
1650,0,106.7825,4.42293115,17.38,2.2847747999999997
1651,0,106.8006,4.423680852,17.3854,2.285832392
1652,0,106.8188,4.425502884,17.3909,2.28690335
1653,0,106.8369,4.426252767,17.3963,2.287961376
1654,0,106.8551,4.428075344,17.4018,2.289032772
1655,0,106.8732,4.428825408,17.4072,2.290091232
1656,0,106.8913,4.429575472,17.4127,2.2913371930000004
1657,0,106.9095,4.431398775,17.4181,2.2923961409999998
1658,0,106.9276,4.43214902,17.4236,2.293468468
1659,0,106.9457,4.4339687219999995,17.429,2.2945278499999997
1660,0,106.9639,4.434723293999999,17.4345,2.295600615
1661,0,106.982,4.43654354,17.4399,2.2966604310000003
1662,0,107.0001,4.437294147,17.4454,2.2977336339999996
1663,0,107.0183,4.438048901,17.4508,2.298793884
1664,0,107.0364,4.439869872,17.4563,2.299867525
1665,0,107.0545,4.44062066,17.4617,2.300928209
1666,0,107.0727,4.4424463229999995,17.4672,2.3021769599999997
1667,0,107.0908,4.443197292,17.4726,2.3032381319999997
1668,0,107.1089,4.443948261,17.4781,2.3043127040000004
1669,0,107.127,4.4457705,17.4835,2.30537431
1670,0,107.1452,4.446525800000001,17.489,2.30644932
1671,0,107.1633,4.4483485830000005,17.4944,2.3075113599999995
1672,0,107.1814,4.449099914,17.4999,2.3085868080000003
1673,0,107.1995,4.45092324,17.5053,2.3096492819999996
1674,0,107.2176,4.451674752000001,17.5107,2.310711972
1675,0,107.2358,4.452430416,17.5162,2.311963238
1676,0,107.2539,4.454254467,17.5216,2.3130264159999996
1677,0,107.272,4.45500616,17.5271,2.3141030130000004
1678,0,107.2901,4.456830754,17.5325,2.315166625
1679,0,107.3082,4.457582628,17.538,2.31624366
1680,0,107.3263,4.4583345020000005,17.5434,2.317307706
1681,0,107.3444,4.460159819999999,17.5489,2.318385179
1682,0,107.3625,4.460911875,17.5543,2.319449659
1683,0,107.3806,4.462737736,17.5598,2.32052757
1684,0,107.3988,4.463494128,17.5652,2.3217681359999998
1685,0,107.4169,4.465320533,17.5706,2.32283332
1686,0,107.435,4.46607295,17.5761,2.323911942
1687,0,107.4531,4.466825367,17.5815,2.3249775599999998
1688,0,107.4712,4.468652496,17.587,2.3260566199999997
1689,0,107.4893,4.469405094,17.5924,2.3271226720000002
1690,0,107.5074,4.471232766,17.5979,2.32820217
1691,0,107.5255,4.471985545,17.6033,2.329268656
1692,0,107.5436,4.47381376,17.6087,2.330335358
1693,0,107.5617,4.474566719999999,17.6142,2.331591654
1694,0,107.5798,4.47531968,17.6196,2.332658844
1695,0,107.5979,4.477148619,17.6251,2.3337394909999998
1696,0,107.616,4.47790176,17.6305,2.3348071150000003
1697,0,107.6341,4.479731242,17.636,2.3358882000000003
1698,0,107.6522,4.480484563999999,17.6414,2.3369562580000003
1699,0,107.6702,4.481233723999999,17.6468,2.338024532
1700,0,107.6883,4.483063929,17.6523,2.339106273
1701,0,107.7064,4.483817432,17.6577,2.340174981
1702,0,107.7245,4.485648180000001,17.6632,2.341433792
1703,0,107.7426,4.486401864,17.6686,2.342502988
1704,0,107.7607,4.488233155,17.674,2.3435724
1705,0,107.7788,4.48898702,17.6795,2.34465529
1706,0,107.7969,4.489740885,17.6849,2.345725136
1707,0,107.8149,4.491568734,17.6904,2.346808464
1708,0,107.833,4.49232278,17.6958,2.3478787439999995
1709,0,107.8511,4.494155337,17.7012,2.34894924
1710,0,107.8692,4.494909564,17.7067,2.350033224
1711,0,107.8873,4.495663791,17.7121,2.351281275
1712,0,107.9053,4.4974929040000005,17.7175,2.352352475
1713,0,107.9234,4.498247312,17.723,2.35343717
1714,0,107.9415,4.500081135,17.7284,2.3545088040000004
1715,0,107.9596,4.500835724,17.7339,2.3555939369999996
1716,0,107.9777,4.5015903129999995,17.7393,2.356666005
1717,0,107.9957,4.5034206900000004,17.7447,2.357738289
1718,0,108.0138,4.50417546,17.7502,2.358824078
1719,0,108.0319,4.506010548999999,17.7556,2.359896796
1720,0,108.0499,4.506761329,17.761,2.36114734
1721,0,108.068,4.50859696,17.7665,2.36223384
1722,0,108.0861,4.509352092,17.7719,2.3633072619999997
1723,0,108.1041,4.510103052,17.7773,2.3643809
1724,0,108.1222,4.511939406000001,17.7828,2.365468056
1725,0,108.1403,4.512694719000001,17.7882,2.366542128
1726,0,108.1583,4.5145274419999994,17.7936,2.3676164160000006
1727,0,108.1764,4.515282936,17.7991,2.368704228
1728,0,108.1945,4.51603843,17.8045,2.36977895
1729,0,108.2125,4.517871875000001,17.8099,2.371031987
1730,0,108.2306,4.51862755,17.8154,2.37212051
1731,0,108.2487,4.520465712,17.8208,2.373195936
1732,0,108.2667,4.521217392,17.8262,2.374271578
1733,0,108.2848,4.521973248,17.8317,2.375360757
1734,0,108.3028,4.523807956000001,17.8371,2.3764368329999996
1735,0,108.3209,4.524563993,17.8425,2.377513125
1736,0,108.3389,4.526399241999999,17.848,2.37860296
1737,0,108.357,4.5271554599999995,17.8534,2.379679686
1738,0,108.375,4.52899125,17.8588,2.3809352159999997
1739,0,108.3931,4.529747649,17.8642,2.382012428
1740,0,108.4112,4.530504048,17.8697,2.3831031920000005
1741,0,108.4292,4.53234056,17.8751,2.384180838
1742,0,108.4473,4.53309714,17.8805,2.3852587
1743,0,108.4653,4.534934193,17.886,2.38635012
1744,0,108.4833,4.535686773,17.8914,2.387428416
1745,0,108.5014,4.536443534,17.8968,2.388506928
1746,0,108.5194,4.538281308,17.9022,2.389585656
1747,0,108.5375,4.53903825,17.9077,2.3908570269999996
1748,0,108.5555,4.540876565,17.9131,2.391936243
1749,0,108.5736,4.541633688,17.9185,2.3930156750000005
1750,0,108.5916,4.542386628,17.924,2.39410868
1751,0,108.6097,4.5442298480000005,17.9294,2.395188546
1752,0,108.6277,4.544982968,17.9348,2.396268628
1753,0,108.6457,4.546822545,17.9402,2.3973489260000003
1754,0,108.6638,4.54758003,17.9457,2.3984428049999997
1755,0,108.6818,4.548333329999999,17.9511,2.3995235370000003
1756,0,108.6998,4.550173628,17.9565,2.40078405
1757,0,108.7179,4.550931294,17.9619,2.401865268
1758,0,108.7359,4.5527721329999995,17.9674,2.4029600760000003
1759,0,108.7539,4.5535257929999995,17.9728,2.4040417279999997
1760,0,108.772,4.5553713600000005,17.9782,2.405123596
1761,0,108.79,4.5561252,17.9836,2.40620568
1762,0,108.808,4.55687904,17.989,2.40728798
1763,0,108.8261,4.558725329,17.9945,2.4083838799999997
1764,0,108.8441,4.559479348999999,17.9999,2.4094666140000003
1765,0,108.8621,4.56132199,18.0053,2.410729617
1766,0,108.8801,4.56207619,18.0107,2.411812837
1767,0,108.8982,4.5628345800000005,18.0162,2.412909666
1768,0,108.9162,4.564677942,18.0216,2.4139933200000003
1769,0,108.9342,4.565432322,18.027,2.4150771900000003
1770,0,108.9522,4.567276224,18.0324,2.416161276
1771,0,108.9702,4.568030784,18.0378,2.4172455779999997
1772,0,108.9883,4.568789536,18.0432,2.418330096
1773,0,109.0063,4.570634159,18.0487,2.4194282350000003
1774,0,109.0243,4.5713888990000004,18.0541,2.420693728
1775,0,109.0423,4.573234062,18.0595,2.4217789499999998
1776,0,109.0603,4.5739889819999995,18.0649,2.422864388
1777,0,109.0783,4.574743902,18.0703,2.423950042
1778,0,109.0963,4.576589785,18.0758,2.425049328
1779,0,109.1144,4.57734908,18.0812,2.4261354159999997
1780,0,109.1324,4.579195504,18.0866,2.4272217200000004
1781,0,109.1504,4.579950784,18.092,2.42830824
1782,0,109.1684,4.580706064,18.0974,2.429394976
1783,0,109.1864,4.582553208,18.1028,2.4304819279999994
1784,0,109.2044,4.583308668,18.1082,2.4317501779999997
1785,0,109.2224,4.585156352,18.1137,2.432851047
1786,0,109.2404,4.585911992,18.1191,2.433938703
1787,0,109.2584,4.586667632,18.1245,2.435026575
1788,0,109.2764,4.588516036,18.1299,2.4361146629999997
1789,0,109.2944,4.589271856,18.1353,2.437202967
1790,0,109.3124,4.591120800000001,18.1407,2.438291487
1791,0,109.3304,4.5918768000000005,18.1461,2.439380223
1792,0,109.3484,4.5926328000000005,18.1515,2.4404691749999996
1793,0,109.3664,4.5944824639999995,18.157,2.44175336
1794,0,109.3843,4.595234443,18.1624,2.4428428
1795,0,109.4023,4.597084646,18.1678,2.443932456
1796,0,109.4203,4.597841006,18.1732,2.445022328
1797,0,109.4383,4.598597366,18.1786,2.446112416
1798,0,109.4563,4.600448289,18.184,2.4472027200000004
1799,0,109.4743,4.601204828999999,18.1894,2.44829324
1800,0,109.4923,4.603056292,18.1948,2.449383976
1801,0,109.5102,4.603808808,18.2002,2.450474928
1802,0,109.5282,4.604565528,18.2056,2.451566096
1803,0,109.5462,4.60641771,18.211,2.45283959
1804,0,109.5642,4.6071746099999995,18.2164,2.453931244
1805,0,109.5822,4.609027332,18.2218,2.455023114
1806,0,109.6001,4.609780206,18.2272,2.4561152
1807,0,109.6181,4.610537286,18.2327,2.457220979
1808,0,109.6361,4.612390727,18.2381,2.458313499
1809,0,109.654,4.613143780000001,18.2435,2.4594062350000003
1810,0,109.672,4.61499776,18.2489,2.460499187
1811,0,109.69,4.6157552,18.2543,2.461592355
1812,0,109.7079,4.616508432,18.2597,2.4626857389999994
1813,0,109.7259,4.618363131,18.2651,2.46396199
1814,0,109.7439,4.6191207510000005,18.2705,2.46505586
1815,0,109.7618,4.62097178,18.2759,2.4661499460000003
1816,0,109.7798,4.621729579999999,18.2813,2.467244248
1817,0,109.7978,4.62248738,18.2867,2.4683387659999996
1818,0,109.8157,4.624339127000001,18.2921,2.4694335000000005
1819,0,109.8337,4.625097107,18.2975,2.4705284499999998
1820,0,109.8516,4.626949392,18.3029,2.471623616
1821,0,109.8696,4.627707552,18.3083,2.472718998
1822,0,109.8875,4.6284615,18.3137,2.4738145960000004
1823,0,109.9055,4.6303187150000005,18.319,2.47508009
1824,0,109.9234,4.631072842,18.3244,2.476176172
1825,0,109.9414,4.632930596,18.3298,2.4772724699999995
1826,0,109.9593,4.633684902,18.3352,2.4783689840000003
1827,0,109.9773,4.6344434219999995,18.3406,2.479465714
1828,0,109.9952,4.63629768,18.346,2.48056266
1829,0,110.0131,4.637052165,18.3514,2.481659822
1830,0,110.0311,4.638911176,18.3568,2.4827572
1831,0,110.049,4.639665840000001,18.3622,2.4838547940000004
1832,0,110.0669,4.640420504000001,18.3676,2.4849526039999996
1833,0,110.0849,4.642280233,18.373,2.4860506300000003
1834,0,110.1028,4.643035076,18.3784,2.4873326559999995
1835,0,110.1207,4.644891126,18.3838,2.4884311680000004
1836,0,110.1387,4.645650366,18.3891,2.489516358
1837,0,110.1566,4.646405388,18.3945,2.4906153
1838,0,110.1745,4.648262154999999,18.3999,2.491714458
1839,0,110.1924,4.649017356,18.4053,2.492813832
1840,0,110.2104,4.6508788800000005,18.4107,2.493913422
1841,0,110.2283,4.651634260000001,18.4161,2.495013228
1842,0,110.2462,4.65238964,18.4215,2.4961132500000005
1843,0,110.2641,4.654247660999999,18.4268,2.497199936
1844,0,110.282,4.655003219999999,18.4322,2.498300388
1845,0,110.3,4.656866,18.4376,2.499585432
1846,0,110.3179,4.657621738,18.443,2.50068637
1847,0,110.3358,4.658377476,18.4484,2.501787524
1848,0,110.3537,4.660236750999999,18.4538,2.5028888940000003
1849,0,110.3716,4.660992668,18.4591,2.503976915
1850,0,110.3895,4.661748585,18.4645,2.5050787150000002
1851,0,110.4074,4.663608576,18.4699,2.506180731
1852,0,110.4253,4.664364672,18.4753,2.507282963
1853,0,110.4432,4.6662252,18.4807,2.5083854109999995
1854,0,110.4611,4.666981475,18.486,2.5094745
1855,0,110.479,4.667737750000001,18.4914,2.510577378
1856,0,110.4969,4.669598993999999,18.4968,2.5118654400000002
0,1,49.1477,1.86269783,3.2322,0.45803506200000005
1,1,49.3166,1.8656469780000002,3.1957,0.46586914599999996
2,1,49.4854,1.868568704,3.2104,0.46990624799999997
3,1,49.6543,1.87196711,3.2315,0.47364095500000003
4,1,49.8232,1.874847016,3.2558,0.47723516399999993
5,1,49.9921,1.877703276,3.2821,0.480696366
6,1,50.1609,1.880532141,3.3099,0.484105974
7,1,50.3298,1.883341116,3.3388,0.4874648
8,1,50.4987,1.8861264450000002,3.3687,0.49078590299999997
9,1,50.6676,1.888888128,3.3995,0.49408333000000004
10,1,50.8365,1.89213453,3.4314,0.497484372
11,1,51.0053,1.8948468950000001,3.4643,0.500903137
12,1,51.1742,1.8975393360000001,3.4983,0.50445486
13,1,51.3431,1.900208131,3.5333,0.50808854
14,1,51.512,1.90285328,3.5693,0.5118019269999999
15,1,51.651,1.9059219000000003,3.6063,0.515664837
16,1,51.7895,1.9094788649999999,3.6438,0.519533004
17,1,51.9272,1.9124787760000002,3.6818,0.523478324
18,1,52.0641,1.91595888,3.7201,0.527398577
19,1,52.2002,1.918879352,3.7584,0.531362592
20,1,52.3353,1.9222755689999997,3.7968,0.535272864
21,1,52.4695,1.9251059549999998,3.8352,0.53922912
22,1,52.6027,1.9284149819999998,3.8735,0.543103435
23,1,52.7349,1.9316793870000002,3.9116,0.546998144
24,1,52.8661,1.9348992600000001,3.9495,0.550836765
25,1,52.9963,1.937544728,3.9872,0.55461952
26,1,53.1255,1.940674515,4.0247,0.558427125
27,1,53.2537,1.9437600499999999,4.0618,0.56215312
28,1,53.3809,1.946801423,4.0987,0.565825535
29,1,53.5072,1.9498023679999998,4.1353,0.569472163
30,1,53.6326,1.9527629659999997,4.1716,0.573094408
31,1,53.7571,1.9556832980000003,4.2075,0.5766799499999999
32,1,53.8806,1.9590986160000001,4.2431,0.580201494
33,1,54.0031,1.9619326230000003,4.2783,0.5836884689999999
34,1,54.1247,1.9647266099999998,4.3131,0.587142303
35,1,54.2454,1.9674806579999997,4.3476,0.5905345080000001
36,1,54.3651,1.9707348749999998,4.3818,0.593909172
37,1,54.4839,1.9734068580000002,4.4155,0.5972405299999999
38,1,54.6018,1.9760391419999999,4.449,0.6005260199999999
39,1,54.7187,1.979175379,4.482,0.6037254
40,1,54.8348,1.981729672,4.5148,0.606969712
41,1,54.9499,1.984790388,4.5472,0.610143296
42,1,55.0642,1.9872669779999999,4.5793,0.613259856
43,1,55.1777,1.990259639,4.611,0.61635237
44,1,55.2903,1.9926624120000003,4.6425,0.6194023500000001
45,1,55.4021,1.9955836420000002,4.6736,0.622430048
46,1,55.513,1.9984679999999997,4.7044,0.6254499800000001
47,1,55.623,2.00075931,4.7349,0.628415928
48,1,55.7322,2.00357259,4.7651,0.6313757500000001
49,1,55.8406,2.006352758,4.795,0.6342826
50,1,55.9482,2.009099862,4.8245,0.63712347
51,1,56.0549,2.0112498120000004,4.8538,0.6399735299999999
52,1,56.1609,2.013929874,4.8828,0.6428206199999998
53,1,56.266,2.0165734399999997,4.9115,0.6456166750000001
54,1,56.3704,2.019187728,4.9399,0.648361875
55,1,56.4739,2.02176562,4.968,0.65110608
56,1,56.5767,2.024314326,4.9959,0.6538134329999999
57,1,56.6788,2.026833888,5.0235,0.65647098
58,1,56.78,2.0293172,5.0509,0.65914245
59,1,56.8806,2.031775032,5.078,0.6618157400000001
60,1,56.9805,2.03420385,5.1049,0.6644027349999999
61,1,57.0796,2.0366001280000003,5.1315,0.66699237
62,1,57.1782,2.0389746119999996,5.158,0.66961156
63,1,57.2761,2.041320204,5.1842,0.672183372
64,1,57.3733,2.043636946,5.2102,0.6747209000000001
65,1,57.4699,2.0465031390000004,5.236,0.67722424
66,1,57.5659,2.0487703809999998,5.2616,0.6797461039999999
67,1,57.6613,2.0510124409999997,5.287,0.68223448
68,1,57.756,2.0532258,5.3121,0.6846765690000001
69,1,57.8501,2.055414053,5.337,0.68713875
70,1,57.9436,2.0581566720000004,5.3618,0.689581098
71,1,58.0365,2.06029575,5.3863,0.6919779610000001
72,1,58.1288,2.062409824,5.4107,0.6944092380000001
73,1,58.2206,2.065084682,5.4348,0.696795708
74,1,58.3117,2.0671497650000004,5.4587,0.699150296
75,1,58.4022,2.0691899460000003,5.4825,0.701485875
76,1,58.4922,2.071793724,5.5061,0.703844763
77,1,58.5816,2.07378864,5.5295,0.70611715
78,1,58.6705,2.0763489949999996,5.5527,0.708413466
79,1,58.7588,2.078298756,5.5757,0.7107344790000001
80,1,58.8465,2.08081224,5.5986,0.71298171
81,1,58.9337,2.0827169580000002,5.6213,0.715254212
82,1,59.0204,2.085190732,5.6438,0.7174962939999999
83,1,59.1066,2.087054046,5.6662,0.719720724
84,1,59.1922,2.0894846599999997,5.6883,0.7219021529999999
85,1,59.2773,2.091303144,5.7104,0.724135824
86,1,59.3619,2.093694213,5.7322,0.7263270619999999
87,1,59.4459,2.0960624340000003,5.7539,0.7284437399999999
88,1,59.5295,2.09781958,5.7755,0.7306585050000001
89,1,59.6126,2.100151898,5.7969,0.732786129
90,1,59.6952,2.101867992,5.8181,0.7348842110000001
91,1,59.7773,2.10416096,5.8393,0.737036446
92,1,59.8589,2.106434691,5.8602,0.7391470259999999
93,1,59.9401,2.1080933170000002,5.881,0.7412412400000001
94,1,60.0209,2.1103348439999996,5.9017,0.743319115
95,1,60.1011,2.112553665,5.9223,0.745380678
96,1,60.181,2.1147603399999997,5.9427,0.747413379
97,1,60.2603,2.116341736,5.9629,0.749476901
98,1,60.3393,2.118512823,5.9831,0.751537191
99,1,60.4178,2.12066478,6.0031,0.753569143
100,1,60.4958,2.122797622,6.0229,0.755572805
101,1,60.5734,2.124914872,6.0426,0.7575607620000001
102,1,60.6506,2.126410036,6.0622,0.759533038
103,1,60.7273,2.128491865,6.0817,0.761550474
104,1,60.8036,2.130558144,6.101,0.7634791400000001
105,1,60.8795,2.132608885,6.1202,0.7654534139999999
106,1,60.955,2.1346441,6.1393,0.7674125
107,1,61.0301,2.136663801,6.1582,0.769343926
108,1,61.1047,2.1386645000000004,6.1771,0.771272706
109,1,61.1789,2.140649711,6.1958,0.773173882
110,1,61.2527,2.142006919,6.2143,0.775047496
111,1,61.3261,2.143960456,6.2328,0.7769808480000001
112,1,61.3991,2.145898545,6.2511,0.7788245490000001
113,1,61.4717,2.147821198,6.2693,0.7807159290000001
114,1,61.5439,2.1497284270000003,6.2874,0.782592678
115,1,61.6156,2.151616752,6.3054,0.7844548140000001
116,1,61.687,2.1534931699999995,6.3232,0.78628992
117,1,61.758,2.1553542,6.341,0.78812289
118,1,61.8286,2.157199854,6.3586,0.789928878
119,1,61.8988,2.159030144,6.3761,0.791720337
120,1,61.9686,2.160845082,6.3935,0.7935612200000001
121,1,62.0381,2.163268547,6.4108,0.795323848
122,1,62.1071,2.165053506,6.428,0.7971362799999999
123,1,62.1758,2.16682663,6.445,0.79885775
124,1,62.2441,2.1685844440000004,6.462,0.8006418
125,1,62.312,2.1703269599999997,6.4788,0.80239938
126,1,62.3795,2.17205419,6.4956,0.8041552799999999
127,1,62.4467,2.173769627,6.5122,0.80588475
128,1,62.5135,2.1754697999999997,6.5288,0.80761256
129,1,62.58,2.1771582,6.5452,0.80931398
130,1,62.6461,2.179457819,6.5615,0.8110014
131,1,62.7118,2.181116404,6.5777,0.8126748349999999
132,1,62.7772,2.182763244,6.5939,0.8144125889999999
133,1,62.8423,2.184398348,6.6099,0.816058254
134,1,62.907,2.18601825,6.6258,0.817756236
135,1,62.9714,2.1882561500000004,6.6416,0.8193741920000001
136,1,63.0354,2.1898497960000003,6.6573,0.821044809
137,1,63.0991,2.191431743,6.6729,0.822701841
138,1,63.1626,2.193005472,6.6884,0.8243453
139,1,63.2257,2.194564047,6.7039,0.825987519
140,1,63.2884,2.196740364,6.7192,0.827603864
141,1,63.3509,2.1982762300000003,6.7344,0.829206672
142,1,63.4131,2.199800439,6.7495,0.830795955
143,1,63.475,2.20194775,6.7646,0.83238403
144,1,63.5365,2.20344582,6.7795,0.833946295
145,1,63.5978,2.204935726,6.7944,0.8355753120000001
146,1,63.6588,2.2070505959999998,6.8091,0.8371107539999999
147,1,63.7196,2.208521336,6.8238,0.8387132580000001
148,1,63.78,2.209977,6.8384,0.8402342079999999
149,1,63.8402,2.21206293,6.8529,0.841810236
150,1,63.9,2.2134959999999997,6.8673,0.8433731130000001
151,1,63.9597,2.214924411,6.8816,0.844854032
152,1,64.019,2.2169779700000003,6.8959,0.8464027660000001
153,1,64.0781,2.2183838220000003,6.91,0.8479261
154,1,64.137,2.2197815700000003,6.9241,0.849448588
155,1,64.1956,2.221809716,6.9381,0.850957965
156,1,64.2539,2.22318494,6.952,0.85245424
157,1,64.312,2.2251952,6.9659,0.8539496810000001
158,1,64.3699,2.226554841,6.9797,0.8554320320000001
159,1,64.4276,2.228550684,6.9934,0.856971236
160,1,64.485,2.2298913,7.007,0.8584275699999999
161,1,64.5422,2.2312238539999996,7.0205,0.85987084
162,1,64.5991,2.233190887,7.034,0.86138364
163,1,64.6559,2.234507904,7.0474,0.8628131819999999
164,1,64.7124,2.2364605440000003,7.0607,0.8643002870000001
165,1,64.7688,2.23776204,7.074,0.86571612
166,1,64.8249,2.239700295,7.0872,0.867189792
167,1,64.8808,2.240982832,7.1003,0.868650702
168,1,64.9366,2.242910164,7.1133,0.870027723
169,1,64.9921,2.2441772129999995,7.1263,0.8714752269999999
170,1,65.0474,2.246086722,7.1393,0.8729222110000001
171,1,65.1026,2.2479927779999995,7.1521,0.874344225
172,1,65.1576,2.249240352,7.1649,0.8757657270000001
173,1,65.2123,2.251128596,7.1776,0.877174496
174,1,65.267,2.25236417,7.1903,0.8785827569999999
175,1,65.3214,2.254241514,7.2029,0.879978293
176,1,65.3757,2.25546165,7.2154,0.88136111
177,1,65.4298,2.2573281,7.2279,0.882815706
178,1,65.4837,2.2591876500000003,7.2403,0.8841854360000001
179,1,65.5375,2.260388375,7.2527,0.88555467
180,1,65.5911,2.262237039,7.265,0.8869111999999999
181,1,65.6445,2.2640788049999996,7.2772,0.888327804
182,1,65.6978,2.265260144,7.2894,0.88967127
183,1,65.751,2.26709448,7.3016,0.8910872639999999
184,1,65.804,2.26826388,7.3136,0.8924054720000001
185,1,65.8568,2.2700838960000005,7.3256,0.8937964559999999
186,1,65.9095,2.271900465,7.3376,0.8951872
187,1,65.9621,2.2737135870000005,7.3495,0.89649201
188,1,66.0145,2.2748596699999997,7.3614,0.8978699579999999
189,1,66.0668,2.276661928,7.3732,0.899235472
190,1,66.1189,2.278457294,7.3849,0.900588555
191,1,66.1709,2.2795875050000003,7.3966,0.9019414040000001
192,1,66.2228,2.2813754600000005,7.4082,0.903207744
193,1,66.2745,2.2831565250000003,7.4198,0.9045478180000001
194,1,66.3261,2.2842708839999997,7.4314,0.90588766
195,1,66.3776,2.286044544,7.4429,0.9072150809999999
196,1,66.429,2.28781476,7.4543,0.908530084
197,1,66.4802,2.289578088,7.4657,0.909919516
198,1,66.5313,2.291337972,7.477,0.91122199
199,1,66.5823,2.2924285890000005,7.4883,0.9125242379999999
200,1,66.6331,2.2941776330000003,7.4995,0.913814075
201,1,66.6839,2.2959266769999997,7.5107,0.915103688
202,1,66.7345,2.297668835,7.5219,0.916468296
203,1,66.785,2.2987396999999996,7.533,0.91774539
204,1,66.8354,2.300474468,7.544,0.91901008
205,1,66.8857,2.302205794,7.5551,0.920362282
206,1,66.9359,2.303933678,7.566,0.92161446
207,1,66.9859,2.305654678,7.5769,0.922942189
208,1,67.0359,2.307375678,7.5878,0.92419404
209,1,67.0858,2.3084223780000004,7.5986,0.9255094800000001
210,1,67.1355,2.310132555,7.6094,0.926748826
211,1,67.1852,2.311842732,7.6202,0.928064158
212,1,67.2347,2.313546027,7.6309,0.9293673109999999
213,1,67.2842,2.315249322,7.6416,0.930594048
214,1,67.3335,2.3169457350000005,7.6522,0.931884916
215,1,67.3828,2.3186421480000003,7.6628,0.933175784
216,1,67.432,2.32033512,7.6733,0.934377741
217,1,67.481,2.3213464,7.6838,0.935656326
218,1,67.53,2.323032,7.6943,0.936934911
219,1,67.5789,2.32471416,7.7047,0.938201319
220,1,67.6277,2.32639288,7.7151,0.939467727
221,1,67.6764,2.32806816,7.7254,0.940721958
222,1,67.725,2.3297399999999997,7.7357,0.941976189
223,1,67.7735,2.3314084,7.746,0.94315296
224,1,67.8219,2.3330733599999998,7.7562,0.9443949119999999
225,1,67.8703,2.33473832,7.7664,0.9456368639999999
226,1,67.9185,2.3363964,7.7766,0.946878816
227,1,67.9667,2.3380544800000003,7.7867,0.948186459
228,1,68.0148,2.3397091199999998,7.7968,0.9494163360000001
229,1,68.0628,2.3413603199999997,7.8068,0.9506340360000001
230,1,68.1107,2.3430080799999997,7.8169,0.9518639130000001
231,1,68.1585,2.3446524,7.8268,0.953069436
232,1,68.2063,2.34629672,7.8368,0.954287136
233,1,68.254,2.3479376000000003,7.8467,0.955492659
234,1,68.3016,2.34957504,7.8566,0.956776748
235,1,68.3491,2.35120904,7.8664,0.957970192
236,1,68.3965,2.3528396000000003,7.8762,0.959163636
237,1,68.4439,2.35447016,7.886,0.96035708
238,1,68.4911,2.35609384,7.8957,0.9616173029999999
239,1,68.5383,2.35771752,7.9054,0.962798666
240,1,68.5855,2.3593412,7.9151,0.9639800289999999
241,1,68.6325,2.3609579999999997,7.9247,0.96522846
242,1,68.6795,2.3625748,7.9343,0.9663977400000001
243,1,68.7264,2.36418816,7.9439,0.96756702
244,1,68.7732,2.3657980800000002,7.9534,0.968803654
245,1,68.82,2.3674079999999997,7.9629,0.969960849
246,1,68.8666,2.36901104,7.9724,0.971197768
247,1,68.9133,2.37061752,7.9819,0.972355058
248,1,68.9598,2.37221712,7.9913,0.973500166
249,1,69.0063,2.3738167199999998,8.0007,0.974725281
250,1,69.0527,2.37541288,8.01,0.9758583
251,1,69.099,2.37769659,8.0193,0.977071512
252,1,69.1452,2.3792863320000004,8.0286,0.9782849100000001
253,1,69.1914,2.380876074,8.0379,0.9794181150000001
254,1,69.2376,2.3824658160000003,8.0471,0.980619606
255,1,69.2836,2.3840486760000004,8.0563,0.981740718
256,1,69.3296,2.385631536,8.0655,0.982942485
257,1,69.3755,2.3872109550000005,8.0746,0.984051502
258,1,69.4214,2.3887903740000005,8.0837,0.9852413560000001
259,1,69.4672,2.3903663520000005,8.0928,0.9864313920000001
260,1,69.5129,2.392634018,8.1019,0.987540591
261,1,69.5585,2.3942035699999997,8.1109,0.9887187100000001
262,1,69.6041,2.395773122,8.1199,0.9898158099999999
263,1,69.6496,2.397339232,8.1289,0.990994199
264,1,69.6951,2.398905342,8.1378,0.9921605760000001
265,1,69.7405,2.40046801,8.1468,0.993257856
266,1,69.7858,2.402725094,8.1557,0.9944245009999999
267,1,69.8311,2.4042847730000005,8.1645,0.9955791300000001
268,1,69.8763,2.405841009,8.1734,0.9966643960000001
269,1,69.9215,2.407397245,8.1822,0.99781929
270,1,69.9666,2.408950038,8.191,0.9989743600000001
271,1,70.0116,2.411199504,8.1998,1.000129606
272,1,70.0566,2.412749304,8.2085,1.0011907450000002
273,1,70.1015,2.41429566,8.2172,1.002334056
274,1,70.1463,2.4158385719999997,8.2259,1.0034775409999999
275,1,70.1911,2.4173814840000003,8.2346,1.004538854
276,1,70.2358,2.41962331,8.2432,1.0056703999999999
277,1,70.2805,2.4211632250000004,8.2519,1.0068143189999998
278,1,70.3251,2.4226996950000004,8.2605,1.00794621
279,1,70.3697,2.424236165,8.269,1.00898338
280,1,70.4142,2.42576919,8.2776,1.010115528
281,1,70.4586,2.428003356,8.2861,1.0112356439999999
282,1,70.503,2.4295333799999996,8.2946,1.0123559300000002
283,1,70.5474,2.4310634039999997,8.3031,1.013476386
284,1,70.5917,2.432589982,8.3116,1.014513896
285,1,70.6359,2.434819473,8.3201,1.015634607
286,1,70.68,2.4363396,8.3285,1.01674328
287,1,70.7241,2.437859727,8.3369,1.017852121
288,1,70.7682,2.4400875359999996,8.3453,1.018877677
289,1,70.8122,2.441604656,8.3536,1.01997456
290,1,70.8561,2.4431183279999997,8.362,1.02108382
291,1,70.9,2.444632,8.3703,1.022181036
292,1,70.9439,2.446855111,8.3786,1.023278418
293,1,70.9876,2.448362324,8.3869,1.024292097
294,1,71.0314,2.4498729860000004,8.3952,1.0253897280000002
295,1,71.075,2.4520875,8.4035,1.0264875249999998
296,1,71.1187,2.4535951500000004,8.4117,1.027573272
297,1,71.1622,2.4550959000000003,8.4199,1.028659183
298,1,71.2057,2.45659665,8.4281,1.029745258
299,1,71.2492,2.458809892,8.4363,1.0307471339999998
300,1,71.2926,2.4603076259999996,8.4445,1.031833455
301,1,71.3359,2.4618019089999996,8.4526,1.03290772
302,1,71.3792,2.464009984,8.4607,1.033982147
303,1,71.4224,2.465501248,8.4688,1.035056736
304,1,71.4656,2.466992512,8.4769,1.036046718
305,1,71.5088,2.4691988639999995,8.485,1.03712155
306,1,71.5518,2.4706836539999997,8.4931,1.038196544
307,1,71.5949,2.4721718969999995,8.5011,1.039259475
308,1,71.6378,2.474369612,8.5092,1.040334792
309,1,71.6808,2.4758548320000004,8.5172,1.0413980440000001
310,1,71.7236,2.477333144,8.5252,1.042376204
311,1,71.7664,2.47952912,8.5332,1.043439696
312,1,71.8092,2.48100786,8.5411,1.044491119
313,1,71.8519,2.483201664,8.5491,1.04555493
314,1,71.8946,2.484677376,8.557,1.04660667
315,1,71.9372,2.486149632,8.565,1.04758515
316,1,71.9798,2.4883416859999996,8.5729,1.048637128
317,1,72.0223,2.4898109109999997,8.5808,1.049689264
318,1,72.0647,2.491276679,8.5887,1.050741558
319,1,72.1071,2.493463518,8.5965,1.051781775
320,1,72.1495,2.49492971,8.6044,1.05274834
321,1,72.1918,2.497114362,8.6122,1.053788792
322,1,72.234,2.49857406,8.6201,1.0548416370000002
323,1,72.2762,2.5000337580000003,8.6279,1.0558824020000002
324,1,72.3184,2.50221664,8.6357,1.056923323
325,1,72.3605,2.5036733,8.6435,1.0578779649999999
326,1,72.4025,2.505850525,8.6512,1.0589068799999999
327,1,72.4445,2.5073041450000004,8.659,1.05994819
328,1,72.4865,2.5087577650000004,8.6667,1.0609774140000001
329,1,72.5284,2.510933208,8.6745,1.062019035
330,1,72.5702,2.512380324,8.6822,1.062961746
331,1,72.612,2.51455356,8.6899,1.0639913559999998
332,1,72.6538,2.5160010940000004,8.6976,1.06502112
333,1,72.6955,2.5181721199999996,8.7053,1.066051038
334,1,72.7372,2.5196166079999998,8.713,1.06699398
335,1,72.7788,2.5210576319999998,8.7207,1.068024129
336,1,72.8203,2.523223395,8.7283,1.0690421840000002
337,1,72.8618,2.52466137,8.736,1.07007264
338,1,72.9033,2.5268283780000003,8.7436,1.0710035640000002
339,1,72.9447,2.528263302,8.7512,1.072022
340,1,72.9861,2.5304280869999998,8.7588,1.073040588
341,1,73.0274,2.531859958,8.7664,1.0740593280000001
342,1,73.0686,2.534019048,8.774,1.0749904799999999
343,1,73.1099,2.535451332,8.7816,1.076009448
344,1,73.151,2.53760819,8.7892,1.0770285679999998
345,1,73.1922,2.539037418,8.7968,1.0779598719999999
346,1,73.2332,2.5404597079999998,8.8043,1.078966965
347,1,73.2743,2.54261821,8.8119,1.0799864639999999
348,1,73.3152,2.5440374400000003,8.8194,1.080905664
349,1,73.3562,2.546193702,8.8269,1.081913133
350,1,73.3971,2.5476133409999995,8.8344,1.082920752
351,1,73.4379,2.549763888,8.842,1.08394078
352,1,73.4787,2.551180464,8.8495,1.0848602050000002
353,1,73.5195,2.5533322349999996,8.8569,1.0858559399999999
354,1,73.5602,2.5547457459999996,8.8644,1.086864084
355,1,73.6008,2.556891792,8.8719,1.087783659
356,1,73.6414,2.5583022360000003,8.8794,1.088792028
357,1,73.682,2.5604495000000003,8.8868,1.089699416
358,1,73.7225,2.561856875,8.8943,1.0907080089999999
359,1,73.763,2.56400188,8.9017,1.091704488
360,1,73.8034,2.565406184,8.9092,1.092624288
361,1,73.8438,2.567548926,8.9166,1.09362099
362,1,73.8842,2.5689536340000005,8.924,1.09461784
363,1,73.9245,2.5710941099999998,8.9314,1.0955255240000001
364,1,73.9647,2.572492266,8.9388,1.096522596
365,1,74.0049,2.5746304710000003,8.9462,1.0974303539999999
366,1,74.0451,2.5760290290000003,8.9536,1.098427648
367,1,74.0852,2.5781649599999996,8.961,1.09942509
368,1,74.1253,2.57956044,8.9684,1.1003329960000001
369,1,74.1653,2.5816940930000003,8.9757,1.10131839
370,1,74.2053,2.5838285459999994,8.9831,1.1022263700000001
371,1,74.2452,2.5852178639999996,8.9904,1.1032119839999999
372,1,74.2851,2.587350033,8.9978,1.104210016
373,1,74.325,2.5887397500000002,9.0051,1.105105872
374,1,74.3648,2.5908696320000004,9.0125,1.1061041249999999
375,1,74.4045,2.5922527800000004,9.0198,1.107000054
376,1,74.4443,2.594383855,9.0271,1.107986254
377,1,74.4839,2.595763915,9.0344,1.108882256
378,1,74.5236,2.597892696,9.0417,1.109868675
379,1,74.5632,2.599273152,9.049,1.11076475
380,1,74.6027,2.6013961489999997,9.0563,1.111751388
381,1,74.6422,2.603519936,9.0636,1.1126475359999999
382,1,74.6817,2.6048976960000005,9.0709,1.1136343930000001
383,1,74.7211,2.607019179,9.0782,1.1145306140000002
384,1,74.7605,2.6083938449999997,9.0854,1.115505412
385,1,74.7998,2.6105130200000004,9.0927,1.116401706
386,1,74.8391,2.6118845900000003,9.0999,1.1173767209999999
387,1,74.8784,2.6140049439999995,9.1072,1.118273088
388,1,74.9176,2.6153734159999993,9.1144,1.11924832
389,1,74.9567,2.617487964,9.1217,1.12014476
390,1,74.9959,2.6196067870000004,9.1289,1.121120209
391,1,75.0349,2.620969057,9.1361,1.122004441
392,1,75.074,2.62308556,9.1434,1.122992388
393,1,75.113,2.62444822,9.1506,1.123876692
394,1,75.1519,2.626558905,9.1578,1.124760996
395,1,75.1908,2.62791846,9.165,1.1257369499999998
396,1,75.2297,2.6300303119999997,9.1722,1.126621326
397,1,75.2686,2.632142942,9.1794,1.127597496
398,1,75.3073,2.633496281,9.1866,1.128481944
399,1,75.3461,2.635606578,9.1938,1.1294583299999998
400,1,75.3848,2.6369603039999996,9.2009,1.1303305650000002
401,1,75.4235,2.639068265,9.2081,1.131215085
402,1,75.4621,2.6411735000000003,9.2153,1.1321917579999998
403,1,75.5007,2.6425245,9.2225,1.13307635
404,1,75.5392,2.644627392,9.2296,1.1340409519999999
405,1,75.5777,2.645975277,9.2368,1.134925616
406,1,75.6162,2.6480793240000002,9.2439,1.135797993
407,1,75.6546,2.650180638,9.2511,1.136775168
408,1,75.693,2.65152579,9.2582,1.137647616
409,1,75.7313,2.6536247520000003,9.2654,1.138532352
410,1,75.7696,2.654966784,9.2725,1.1394975250000001
411,1,75.8079,2.657066895,9.2796,1.140370044
412,1,75.8461,2.6591642660000003,9.2867,1.141242563
413,1,75.8843,2.660503558,9.2939,1.1422203100000001
414,1,75.9224,2.6625985679999995,9.301,1.1430929
415,1,75.9605,2.6639347349999998,9.3081,1.1439654899999998
416,1,75.9986,2.666030888,9.3152,1.1449312320000002
417,1,76.0366,2.6681242940000005,9.3223,1.145803893
418,1,76.0746,2.6694577140000004,9.3294,1.146676554
419,1,76.1125,2.67154875,9.3365,1.1476425799999999
420,1,76.1504,2.6736405440000004,9.3436,1.148515312
421,1,76.1883,2.674971213,9.3507,1.149388044
422,1,76.2261,2.677060632,9.3578,1.1502607759999999
423,1,76.2639,2.678388168,9.3649,1.1512271570000001
424,1,76.3016,2.680475208,9.372,1.15209996
425,1,76.3393,2.6825630019999998,9.379,1.15296047
426,1,76.377,2.6838877799999996,9.3861,1.1539271340000001
427,1,76.4146,2.68597319,9.3932,1.154800008
428,1,76.4522,2.688059352,9.4002,1.155660588
429,1,76.4897,2.689377852,9.4073,1.1565334619999998
430,1,76.5272,2.6914616239999996,9.4144,1.1575004800000002
431,1,76.5647,2.693546146,9.4214,1.15836113
432,1,76.6021,2.6948618779999998,9.4285,1.159234075
433,1,76.6395,2.6969440049999998,9.4355,1.160094725
434,1,76.6769,2.698260111,9.4426,1.16096767
435,1,76.7142,2.7003398400000003,9.4496,1.1619228160000001
436,1,76.7515,2.7024203149999995,9.4567,1.162795832
437,1,76.7887,2.703730127,9.4637,1.163656552
438,1,76.8259,2.705808198,9.4707,1.164517272
439,1,76.8631,2.707887013,9.4778,1.165390288
440,1,76.9002,2.709194046,9.4848,1.166345856
441,1,76.9373,2.711270452,9.4918,1.167206646
442,1,76.9744,2.7133475999999996,9.4988,1.1680674359999998
443,1,77.0114,2.7146518499999996,9.5058,1.168928226
444,1,77.0484,2.716726584,9.5129,1.169801313
445,1,77.0853,2.7187985310000005,9.5199,1.170757302
446,1,77.1222,2.7200999940000004,9.5269,1.171618162
447,1,77.1591,2.7221730479999997,9.5339,1.1724790219999999
448,1,77.1959,2.724243311,9.5409,1.173339882
449,1,77.2327,2.725541983,9.5479,1.174200742
450,1,77.2695,2.7276133499999995,9.5549,1.175061602
451,1,77.3062,2.7289088599999998,9.5619,1.176018081
452,1,77.3429,2.730977799,9.5689,1.176879011
453,1,77.3796,2.7330474719999995,9.5759,1.177739941
454,1,77.4162,2.734340184,9.5829,1.178600871
455,1,77.4528,2.736407424,9.5898,1.179449502
456,1,77.4893,2.7384718620000004,9.5968,1.180310432
457,1,77.5258,2.7397617720000005,9.6038,1.181171362
458,1,77.5623,2.7418273049999997,9.6108,1.1821283999999999
459,1,77.5988,2.7438935680000003,9.6178,1.1829894
460,1,77.6352,2.745180672,9.6247,1.1838381
461,1,77.6716,2.7472444919999996,9.6317,1.1846991
462,1,77.7079,2.749305502,9.6387,1.1855601
463,1,77.7442,2.7505897960000003,9.6457,1.1864211
464,1,77.7805,2.752651895,9.6526,1.1872698
465,1,77.8167,2.75471118,9.6596,1.1881308
466,1,77.8529,2.7559926600000004,9.6665,1.189076165
467,1,77.8891,2.7580530309999998,9.6735,1.189937235
468,1,77.9252,2.760110584,9.6805,1.190798305
469,1,77.9613,2.762168859,9.6874,1.191647074
470,1,77.9974,2.7634478820000004,9.6944,1.1925081439999998
471,1,78.0334,2.765503696,9.7013,1.193356913
472,1,78.0694,2.7675602300000004,9.7083,1.194217983
473,1,78.1054,2.7688364300000003,9.7152,1.1950667519999998
474,1,78.1413,2.770890498,9.7222,1.195927822
475,1,78.1772,2.772945284,9.7291,1.1968738820000002
476,1,78.2131,2.774218657,9.7361,1.197735022
477,1,78.249,2.77627452,9.743,1.19858386
478,1,78.2848,2.7783275520000004,9.75,1.199445
479,1,78.3205,2.7795945449999997,9.7569,1.2002938380000001
480,1,78.3563,2.7816486499999997,9.7638,1.201142676
481,1,78.392,2.7836999199999997,9.7708,1.202003816
482,1,78.4276,2.784964076,9.7777,1.202852654
483,1,78.4633,2.787016416,9.7846,1.203701492
484,1,78.4989,2.7890659170000003,9.7916,1.2045626320000002
485,1,78.5345,2.7903307849999996,9.7985,1.205509455
486,1,78.57,2.7923778,9.8054,1.206358362
487,1,78.6055,2.7944255250000003,9.8124,1.207219572
488,1,78.641,2.79647396,9.8193,1.208068479
489,1,78.6764,2.7977327840000004,9.8262,1.208917386
490,1,78.7118,2.7997787259999996,9.8331,1.209766293
491,1,78.7472,2.8018253760000005,9.8401,1.210627503
492,1,78.7826,2.803084908,9.847,1.21147641
493,1,78.8179,2.8051290609999997,9.8539,1.212325317
494,1,78.8532,2.80717392,9.8608,1.2131742239999999
495,1,78.8884,2.80842704,9.8677,1.2140231309999998
496,1,78.9236,2.810469396,9.8746,1.214970784
497,1,78.9588,2.812512456,9.8816,1.215832064
498,1,78.994,2.81376628,9.8885,1.21668104
499,1,79.0291,2.8158068330000003,9.8954,1.217530016
500,1,79.0642,2.817848088,9.9023,1.218378992
501,1,79.0993,2.819890045,9.9092,1.219227968
502,1,79.1343,2.821137795,9.9161,1.2200769439999999
503,1,79.1693,2.823177238,9.923,1.22092592
504,1,79.2042,2.825213814,9.9299,1.2217748959999999
505,1,79.2392,2.826462264,9.9368,1.222623872
506,1,79.2741,2.8284998880000005,9.9437,1.223472848
507,1,79.3089,2.830534641,9.9506,1.22442133
508,1,79.3438,2.831780222,9.9575,1.225270375
509,1,79.3786,2.8338160200000004,9.9644,1.22611942
510,1,79.4134,2.835852514,9.9713,1.226968465
511,1,79.4481,2.837886132,9.9782,1.22781751
512,1,79.4828,2.839125616,9.9851,1.228666555
513,1,79.5175,2.8411602749999996,9.992,1.2295156000000003
514,1,79.5521,2.8431920539999997,9.9989,1.230364645
515,1,79.5868,2.844432232,10.0058,1.2312136900000001
516,1,79.6213,2.846461475,10.0127,1.2320627350000002
517,1,79.6559,2.8484949840000002,10.0196,1.2329117800000002
518,1,79.6904,2.8505256080000003,10.0265,1.23386109
519,1,79.7249,2.8517596730000006,10.0334,1.234710204
520,1,79.7594,2.853791332,10.0402,1.235547012
521,1,79.7938,2.8558201020000005,10.0471,1.236396126
522,1,79.8282,2.857051278,10.054,1.23724524
523,1,79.8626,2.8590810799999997,10.0609,1.238094354
524,1,79.8969,2.861107989,10.0678,1.238943468
525,1,79.9312,2.863135584,10.0746,1.239780276
526,1,79.9655,2.86436421,10.0815,1.24062939
527,1,79.9998,2.866392834,10.0884,1.241579388
528,1,80.034,2.86841856,10.0953,1.242428571
529,1,80.0682,2.869644288,10.1021,1.243265447
530,1,80.1023,2.871667455,10.109,1.2441146299999999
531,1,80.1365,2.8736948900000003,10.1159,1.244963813
532,1,80.1706,2.8757194219999995,10.1227,1.245800689
533,1,80.2046,2.876939002,10.1296,1.2466498719999999
534,1,80.2387,2.878964556,10.1365,1.247499055
535,1,80.2727,2.8809872029999997,10.1433,1.248437364
536,1,80.3067,2.8822074630000003,10.1502,1.249286616
537,1,80.3406,2.88422754,10.157,1.25012356
538,1,80.3745,2.8862482949999997,10.1639,1.2509728119999999
539,1,80.4084,2.888269728,10.1707,1.2518097559999999
540,1,80.4423,2.889487416,10.1776,1.252659008
541,1,80.4761,2.8915062729999996,10.1845,1.25350826
542,1,80.5099,2.893525806,10.1913,1.254447117
543,1,80.5437,2.894740578,10.1982,1.255296438
544,1,80.5774,2.89675753,10.205,1.25613345
545,1,80.6112,2.8987787519999997,10.2119,1.256982771
546,1,80.6448,2.900793456,10.2187,1.257819783
547,1,80.6785,2.902005645,10.2255,1.258656795
548,1,80.7121,2.904021358,10.2324,1.259506116
549,1,80.7457,2.906037743,10.2392,1.26044552
550,1,80.7793,2.9080548,10.2461,1.26129491
551,1,80.8128,2.9092607999999998,10.2529,1.26213199
552,1,80.8464,2.9112788640000002,10.2597,1.26296907
553,1,80.8798,2.9132903960000003,10.2666,1.26381846
554,1,80.9133,2.9144970660000005,10.2734,1.2646555400000001
555,1,80.9467,2.916509601,10.2803,1.265607733
556,1,80.9801,2.9185228039999997,10.2871,1.266444881
557,1,81.0135,2.9205366749999997,10.2939,1.267282029
558,1,81.0468,2.92173714,10.3008,1.268131488
559,1,81.0802,2.9237520120000005,10.3076,1.268968636
560,1,81.1134,2.925760338,10.3144,1.2698057839999999
561,1,81.1467,2.9277729359999998,10.3213,1.270758456
562,1,81.1799,2.9289707920000003,10.3281,1.271595672
563,1,81.2131,2.9309807789999995,10.3349,1.2724328879999998
564,1,81.2463,2.9329914300000004,10.3417,1.2732701039999998
565,1,81.2795,2.9350027450000002,10.3486,1.274119632
566,1,81.3126,2.9361979860000003,10.3554,1.275060402
567,1,81.3457,2.938206684,10.3622,1.275897686
568,1,81.3788,2.940216044,10.369,1.27673497
569,1,81.4118,2.941408334,10.3759,1.277584567
570,1,81.4448,2.943415072,10.3827,1.278421851
571,1,81.4778,2.94542247,10.3895,1.27936303
572,1,81.5108,2.947430528,10.3963,1.280200382
573,1,81.5437,2.948620192,10.4031,1.281037734
574,1,81.5766,2.950625622,10.41,1.2818874
575,1,81.6095,2.9526317099999995,10.4168,1.282724752
576,1,81.6423,2.9546348370000004,10.4236,1.28366634
577,1,81.6752,2.9558254880000003,10.4304,1.28450376
578,1,81.708,2.9578296,10.4372,1.28534118
579,1,81.7407,2.9598307470000003,10.444,1.2861786
580,1,81.7735,2.96183617,10.4508,1.287120528
581,1,81.8062,2.9630205640000002,10.4577,1.2879703320000002
582,1,81.8389,2.965023347,10.4645,1.28880782
583,1,81.8715,2.96702316,10.4713,1.2896453079999999
584,1,81.9042,2.968208208,10.4781,1.290482796
585,1,81.9368,2.970209,10.4849,1.291425133
586,1,81.9694,2.972210444,10.4917,1.292262689
587,1,82.0019,2.974208913,10.4985,1.293100245
588,1,82.0345,2.9753913149999995,10.5053,1.293937801
589,1,82.067,2.9773907599999996,10.5121,1.294880478
590,1,82.0994,2.9793872260000005,10.5189,1.295718102
591,1,82.1319,2.98138797,10.5257,1.296555726
592,1,82.1643,2.98256409,10.5325,1.297498675
593,1,82.1967,2.9845621770000004,10.5393,1.298336367
594,1,82.2291,2.986560912,10.5461,1.2991740589999998
595,1,82.2614,2.9885566619999997,10.5529,1.3000117509999998
596,1,82.2938,2.9897337540000004,10.5597,1.30095504
597,1,82.3261,2.9917304739999997,10.5665,1.3017928
598,1,82.3583,2.993724205,10.5733,1.30263056
599,1,82.3906,2.9957222160000003,10.5801,1.3034683200000001
600,1,82.4228,2.9968930080000002,10.5869,1.304411949
601,1,82.455,2.99888835,10.5937,1.305249777
602,1,82.4872,3.0008843360000004,10.6005,1.306087605
603,1,82.5193,3.0028773269999998,10.6073,1.307031506
604,1,82.5514,3.004045446,10.6141,1.3078694020000001
605,1,82.5835,3.0060394,10.6209,1.308707298
606,1,82.6156,3.008033996,10.6277,1.3096514710000002
607,1,82.6476,3.010025592,10.6345,1.310489435
608,1,82.6796,3.0111910319999997,10.6413,1.311327399
609,1,82.7116,3.013183588,10.6481,1.3122718439999999
610,1,82.7436,3.015176784,10.6549,1.313109876
611,1,82.7755,3.017166975,10.6617,1.313947908
612,1,82.8074,3.0183297300000005,10.6685,1.314892625
613,1,82.8393,3.0203208779999997,10.6753,1.3157307249999999
614,1,82.8712,3.022312664,10.6821,1.316568825
615,1,82.903,3.02430144,10.6889,1.317513814
616,1,82.9348,3.025461504,10.6957,1.318351982
617,1,82.9666,3.027451234,10.7025,1.31919015
618,1,82.9984,3.0294415999999997,10.7093,1.320135411
619,1,83.0301,3.03059865,10.7161,1.3209736470000002
620,1,83.0618,3.0325863180000003,10.7229,1.3218118829999999
621,1,83.0935,3.03457462,10.7297,1.322757416
622,1,83.1251,3.036559903,10.7365,1.32359572
623,1,83.1568,3.037717904,10.7433,1.3244340239999999
624,1,83.1884,3.039704136,10.7501,1.3253798289999998
625,1,83.22,3.0416909999999997,10.7569,1.3262182009999999
626,1,83.2515,3.04367484,10.7637,1.32716421
627,1,83.2831,3.0448301360000003,10.7705,1.3280026500000002
628,1,83.3146,3.046814922,10.7773,1.32884109
629,1,83.3461,3.0488003380000004,10.7841,1.329787371
630,1,83.3775,3.050782725,10.7909,1.330625879
631,1,83.4089,3.051931651,10.7977,1.3315723640000001
632,1,83.4403,3.0539149799999996,10.8045,1.3324109400000002
633,1,83.4717,3.055898937,10.8113,1.333249516
634,1,83.5031,3.057883522,10.8181,1.3341962729999999
635,1,83.5344,3.059029728,10.8249,1.335034917
636,1,83.5657,3.0610115910000006,10.8317,1.3359818780000001
637,1,83.597,3.0629940799999997,10.8385,1.33682059
638,1,83.6283,3.064977195,10.8453,1.337767755
639,1,83.6595,3.066120675,10.8521,1.338606535
640,1,83.6907,3.068101062,10.8589,1.339553904
641,1,83.7219,3.0700820730000005,10.8657,1.340392752
642,1,83.753,3.0720600399999998,10.8725,1.3412316
643,1,83.7842,3.0732044559999996,10.8793,1.342179241
644,1,83.8153,3.075183357,10.8861,1.343018157
645,1,83.8464,3.0771628800000004,10.8929,1.343966002
646,1,83.8774,3.0791393539999996,10.8997,1.344804986
647,1,83.9085,3.080281035,10.9065,1.345753035
648,1,83.9395,3.08225844,10.9133,1.3465920869999999
649,1,83.9705,3.084236465,10.9202,1.34755268
650,1,84.0014,3.086211436,10.927,1.3483918
651,1,84.0324,3.087350376,10.9338,1.349340258
652,1,84.0633,3.089326275,10.9406,1.350179446
653,1,84.0941,3.091299116,10.9474,1.351128108
654,1,84.125,3.0932762499999997,10.9542,1.351967364
655,1,84.1558,3.094408766,10.961,1.35291623
656,1,84.1867,3.0963868260000003,10.9679,1.353767897
657,1,84.2174,3.0983581460000003,10.9747,1.354716968
658,1,84.2482,3.10033376,10.9815,1.35555636
659,1,84.2789,3.10146352,10.9883,1.3565056350000002
660,1,84.3096,3.1034363760000003,10.9951,1.3573450950000001
661,1,84.3403,3.1054098459999997,11.0019,1.3582945739999999
662,1,84.371,3.10738393,11.0088,1.3591464480000002
663,1,84.4016,3.1085109280000003,11.0156,1.3600961319999998
664,1,84.4323,3.1104859319999996,11.0224,1.3609357279999998
665,1,84.4628,3.1124541800000003,11.0292,1.361885616
666,1,84.4934,3.1144267239999994,11.036,1.36272528
667,1,84.5239,3.1155509539999997,11.0429,1.363687721
668,1,84.5545,3.117524415,11.0497,1.3646379499999999
669,1,84.585,3.1194948,11.0565,1.36547775
670,1,84.6154,3.1214621059999996,11.0633,1.366428183
671,1,84.6459,3.1225872509999997,11.0702,1.367280402
672,1,84.6763,3.1245554700000002,11.077,1.36823104
673,1,84.7067,3.1265242969999996,11.0838,1.3690709760000002
674,1,84.737,3.12849004,11.0906,1.3700218180000001
675,1,84.7674,3.129612408,11.0975,1.370874175
676,1,84.7977,3.131579061,11.1043,1.371825222
677,1,84.828,3.13354632,11.1111,1.372776405
678,1,84.8583,3.135514185,11.118,1.3736289
679,1,84.8885,3.1366300749999994,11.1248,1.374580288
680,1,84.9188,3.138598848,11.1316,1.375420496
681,1,84.949,3.1405645300000002,11.1384,1.376372088
682,1,84.9791,3.142527118,11.1453,1.377336174
683,1,85.0093,3.1436439139999997,11.1521,1.378176518
684,1,85.0394,3.1456074060000003,11.1589,1.379128451
685,1,85.0695,3.1475715,11.1658,1.379981222
686,1,85.0996,3.149536196,11.1726,1.38093336
687,1,85.1297,3.150650197,11.1795,1.381897995
688,1,85.1597,3.1526120939999998,11.1863,1.3827385429999999
689,1,85.1897,3.1545745910000003,11.1931,1.3836910219999998
690,1,85.2197,3.156537688,11.2,1.3845439999999998
691,1,85.2497,3.1576488879999998,11.2068,1.385496684
692,1,85.2796,3.15960918,11.2137,1.3864618679999998
693,1,85.3096,3.1615737760000004,11.2205,1.38730262
694,1,85.3395,3.16268187,11.2273,1.3882556449999999
695,1,85.3693,3.164639951,11.2342,1.389221172
696,1,85.3992,3.166602336,11.241,1.39006206
697,1,85.429,3.16856161,11.2479,1.391027793
698,1,85.4588,3.1696668919999995,11.2547,1.391868749
699,1,85.4886,3.1716270600000005,11.2616,1.392834688
700,1,85.5184,3.1735878239999997,11.2684,1.393788396
701,1,85.5481,3.175545472,11.2753,1.3946418569999999
702,1,85.5778,3.1766479359999997,11.2821,1.3955957700000001
703,1,85.6075,3.1786064750000005,11.2889,1.396549819
704,1,85.6372,3.180565608,11.2958,1.397403418
705,1,85.6668,3.18252162,11.3026,1.398357672
706,1,85.6964,3.1836212600000002,11.3095,1.399324435
707,1,85.726,3.18557816,11.3163,1.400165799
708,1,85.7556,3.187535652,11.3232,1.401132768
709,1,85.7852,3.1894937359999997,11.33,1.4020875
710,1,85.8147,3.1905905459999997,11.3369,1.402941375
711,1,85.8442,3.1925457980000003,11.3438,1.403908688
712,1,85.8737,3.19450164,11.3506,1.404863762
713,1,85.9032,3.196458072,11.3575,1.405717775
714,1,85.9326,3.1975520459999998,11.3643,1.406673054
715,1,85.9621,3.1995093620000006,11.3712,1.407640848
716,1,85.9915,3.201463545,11.378,1.40848262
717,1,86.0208,3.203414592,11.3849,1.4094506199999999
718,1,86.0502,3.2045094480000005,11.3917,1.4104063770000002
719,1,86.0795,3.2064613749999995,11.3986,1.411374652
720,1,86.1089,3.2084176140000005,11.4055,1.41222901
721,1,86.1381,3.2103669869999996,11.4123,1.413185109
722,1,86.1674,3.211458998,11.4192,1.414153728
723,1,86.1967,3.2134129760000003,11.426,1.41499584
724,1,86.2259,3.2153638109999996,11.4329,1.415964665
725,1,86.2551,3.2164526789999996,11.4397,1.416921242
726,1,86.2843,3.21840439,11.4466,1.417890342
727,1,86.3134,3.2203529540000004,11.4535,1.4187450449999999
728,1,86.3426,3.222305832,11.4603,1.4197019640000001
729,1,86.3717,3.223391844,11.4672,1.420671408
730,1,86.4008,3.2253418640000002,11.4741,1.421526249
731,1,85.7299,3.226873436,11.4809,1.42248351
732,1,85.7589,3.228822585,11.4878,1.423453298
733,1,85.788,3.2307760799999996,11.4946,1.424410832
734,1,85.817,3.23272639,11.5015,1.42526588
735,1,85.846,3.23381882,11.5084,1.426236012
736,1,85.8749,3.2357662319999996,11.5152,1.427193888
737,1,85.9039,3.237717991,11.5221,1.428164295
738,1,85.9328,3.23966656,11.529,1.42901955
739,1,85.9617,3.2407560899999996,11.5358,1.429977768
740,1,85.9906,3.242705526,11.5427,1.430948519
741,1,86.0194,3.2446517679999998,11.5496,1.4319194080000002
742,1,86.0483,3.2457418759999994,11.5564,1.432878036
743,1,86.0771,3.247688983,11.5633,1.433733567
744,1,86.1059,3.2496366660000002,11.5702,1.4347048
745,1,86.1347,3.2515849249999995,11.577,1.43566377
746,1,86.1634,3.2526683499999995,11.5839,1.436635278
747,1,86.1921,3.254613696,11.5907,1.437478614
748,1,86.2209,3.256563393,11.5976,1.438450328
749,1,86.2495,3.25850611,11.6045,1.43942218
750,1,86.2782,3.259590396,11.6113,1.440381765
751,1,86.3069,3.2615377509999997,11.6182,1.441353892
752,1,86.3355,3.2634819,11.6251,1.442209906
753,1,86.3641,3.2645629799999996,11.6319,1.443169833
754,1,86.3927,3.2665079870000007,11.6388,1.4441423039999999
755,1,86.4212,3.268449784,11.6456,1.445102504
756,1,86.4498,3.270395934,11.6525,1.44607525
757,1,86.4783,3.2714740890000003,11.6594,1.44693154
758,1,86.5068,3.273417312,11.6662,1.4478920819999999
759,1,86.5353,3.2753611050000004,11.6731,1.4488651719999999
760,1,86.5638,3.2773054679999998,11.6799,1.449825987
761,1,86.5922,3.278380692,11.6868,1.450799352
762,1,86.6206,3.280322122,11.6937,1.451772855
763,1,86.649,3.28226412,11.7005,1.452617075
764,1,86.6774,3.2833399119999997,11.7074,1.453590784
765,1,86.7057,3.2852789729999996,11.7142,1.454552214
766,1,86.7341,3.28722239,11.7211,1.455526198
767,1,86.7624,3.289162584,11.7279,1.456487901
768,1,86.7907,3.2902354369999998,11.7348,1.45746216
769,1,86.819,3.29217648,11.7416,1.458424136
770,1,86.8472,3.294114296,11.7485,1.459281185
771,1,86.8754,3.296052676,11.7553,1.460243366
772,1,86.9037,3.297126378,11.7622,1.461218106
773,1,86.9319,3.2990656049999996,11.769,1.46218056
774,1,86.96,3.3010015999999998,11.7759,1.463155575
775,1,86.9882,3.302072072,11.7827,1.464118302
776,1,87.0163,3.304008911,11.7896,1.4650935920000001
777,1,87.0444,3.3059463119999997,11.7964,1.466056592
778,1,87.0725,3.3078842750000006,11.8033,1.467032157
779,1,87.1006,3.3089517940000004,11.8101,1.467877329
780,1,87.1286,3.3108868,11.817,1.4688531
781,1,87.1567,3.3128261670000003,11.8238,1.469816578
782,1,87.1847,3.3138904470000003,11.8307,1.470792624
783,1,87.2126,3.315823052,11.8375,1.471756375
784,1,87.2406,3.317760018,11.8443,1.4727202620000002
785,1,87.2686,3.319697544,11.8512,1.4736967200000002
786,1,87.2965,3.3207588599999998,11.858,1.47466088
787,1,87.3244,3.32269342,11.8648,1.475625176
788,1,87.3523,3.324628538,11.8717,1.4766020460000002
789,1,87.3801,3.3256866059999997,11.8785,1.4775666150000002
790,1,87.408,3.32762256,11.8853,1.47853132
791,1,87.4358,3.329555264,11.8922,1.4795086020000001
792,1,87.4636,3.331488524,11.899,1.48035459
793,1,87.4914,3.3325474259999996,11.9058,1.481319636
794,1,87.5192,3.33448152,11.9126,1.482284818
795,1,87.5469,3.3364123589999997,11.9194,1.4832501359999999
796,1,87.5746,3.338343752,11.9263,1.484228035
797,1,87.6023,3.339399676,11.9331,1.485193626
798,1,87.63,3.3413318999999997,11.9399,1.486159353
799,1,87.6577,3.343264678,11.9467,1.487125216
800,1,87.6853,3.344317342,11.9535,1.488091215
801,1,87.7129,3.3462471350000005,11.9603,1.48905735
802,1,87.7405,3.34817748,11.9671,1.490023621
803,1,87.7681,3.350108377,11.9739,1.4909900280000001
804,1,87.7956,3.351158052,11.9808,1.491969024
805,1,87.8232,3.353089776,11.9876,1.492935704
806,1,87.8507,3.3550182330000005,11.9944,1.49390252
807,1,87.8782,3.356068458,12.0011,1.4948570159999999
808,1,87.9056,3.35799392,12.0079,1.495824103
809,1,87.9331,3.3599237509999997,12.0147,1.4967913259999999
810,1,87.9605,3.3609707049999997,12.0215,1.497758685
811,1,87.9879,3.3628975379999995,12.0283,1.49872618
812,1,88.0153,3.3648249189999997,12.0351,1.499693811
813,1,88.0427,3.366752848,12.0419,1.5006615779999999
814,1,88.07,3.3677968,12.0487,1.5016294810000002
815,1,88.0974,3.3697255499999996,12.0554,1.50270561
816,1,88.1247,3.3716510220000004,12.0622,1.5036738520000001
817,1,88.1519,3.3726916940000002,12.069,1.5046422300000002
818,1,88.1792,3.3746179839999995,12.0758,1.505610744
819,1,88.2065,3.3765448200000003,12.0825,1.5065669249999998
820,1,88.2337,3.3784683729999996,12.0893,1.50753571
821,1,88.2609,3.379509861,12.0961,1.508504631
822,1,88.2881,3.38143423,12.1028,1.509461216
823,1,88.3152,3.383355312,12.1096,1.510430408
824,1,88.3423,3.3843935129999996,12.1163,1.5113872620000002
825,1,88.3695,3.38631924,12.1231,1.512356725
826,1,88.3966,3.3882416780000004,12.1298,1.513313848
827,1,88.4236,3.3901608239999996,12.1366,1.514283582
828,1,88.4507,3.391199838,12.1433,1.515362407
829,1,88.4777,3.393119795,12.15,1.51632
830,1,88.5047,3.395040292,12.1568,1.5172902080000001
831,1,88.5317,3.396076012,12.1635,1.51824807
832,1,88.5587,3.3979973190000003,12.1702,1.519206066
833,1,88.5856,3.3999153279999996,12.177,1.52017668
834,1,88.6126,3.400951588,12.1837,1.521134945
835,1,88.6395,3.402870405,12.1904,1.522093344
836,1,88.6664,3.4047897599999994,12.1971,1.523051877
837,1,88.6932,3.406705812,12.2039,1.5241450710000002
838,1,88.7201,3.407739041,12.2106,1.52510394
839,1,88.7469,3.409655898,12.2173,1.526062943
840,1,88.7737,3.4115732910000003,12.224,1.52702208
841,1,88.8005,3.412603215,12.2307,1.527981351
842,1,88.8273,3.414521412,12.2374,1.528940756
843,1,88.854,3.4164363,12.2441,1.529900295
844,1,88.8807,3.417462915,12.2508,1.530982476
845,1,88.9074,3.419378604,12.2575,1.53194235
846,1,88.9341,3.4212948269999996,12.2642,1.532902358
847,1,88.9608,3.423211584,12.2709,1.5338625
848,1,88.9874,3.4242351519999996,12.2775,1.5348102750000001
849,1,89.014,3.42614886,12.2842,1.535893526
850,1,89.0406,3.4280630999999997,12.2909,1.5368541360000003
851,1,89.0672,3.4290872,12.2976,1.5378148799999998
852,1,89.0938,3.4310022380000005,12.3042,1.538763252
853,1,89.1203,3.4329139559999997,12.3109,1.5397242629999999
854,1,89.1468,3.433934736,12.3176,1.540808584
855,1,89.1733,3.435847249,12.3242,1.5417574199999997
856,1,89.1998,3.4377602919999997,12.3309,1.542718899
857,1,89.2263,3.439673865,12.3375,1.5436680000000003
858,1,89.2527,3.440691585,12.3442,1.544629746
859,1,89.2791,3.442602096,12.3508,1.5457026200000001
860,1,89.3055,3.444513135,12.3575,1.5466647
861,1,89.3319,3.445531383,12.3641,1.547614397
862,1,89.3583,3.447443214,12.3707,1.548564226
863,1,89.3846,3.449351714,12.3774,1.54965048
864,1,89.4109,3.450366631,12.384,1.5506006399999999
865,1,89.4372,3.4522759200000004,12.3906,1.5515509319999998
866,1,89.4635,3.454185735,12.3973,1.5525138790000002
867,1,89.4898,3.455201178,12.4039,1.553588475
868,1,89.516,3.4571079200000003,12.4105,1.5545392300000003
869,1,89.5422,3.4590151859999994,12.4171,1.555490117
870,1,89.5684,3.460922976,12.4237,1.5564411360000001
871,1,89.5946,3.461935344,12.4303,1.55751659
872,1,89.6208,3.46384392,12.4369,1.558467939
873,1,89.6469,3.465749154,12.4435,1.5594194199999998
874,1,89.673,3.4667581800000002,12.4501,1.560371033
875,1,89.6991,3.4686641970000003,12.4567,1.561447345
876,1,89.7252,3.470570736,12.4633,1.562399288
877,1,89.7513,3.471580284,12.4699,1.5633513630000002
878,1,89.7773,3.473483737,12.4765,1.564428335
879,1,89.8033,3.4753877099999997,12.4831,1.5653807400000002
880,1,89.8293,3.47639391,12.4896,1.5663207359999998
881,1,89.8553,3.478298663,12.4962,1.5673983660000002
882,1,89.8813,3.4802039359999997,12.5028,1.568351232
883,1,89.9072,3.481206784,12.5093,1.569291685
884,1,89.9331,3.483108963,12.5159,1.570369973
885,1,89.9591,3.485015534,12.5225,1.5713233000000002
886,1,89.9849,3.4860150259999996,12.529,1.57226421
887,1,90.0108,3.4879185,12.5356,1.5733431560000002
888,1,90.0366,3.4898186160000004,12.5421,1.5742843919999998
889,1,90.0625,3.491723125,12.5487,1.5752383110000001
890,1,90.0883,3.492723391,12.5552,1.5763053599999999
891,1,90.1141,3.494624798,12.5617,1.5772470520000001
892,1,90.1398,3.4965228419999996,12.5683,1.5782014309999999
893,1,90.1656,3.497523624,12.5748,1.579269132
894,1,90.1913,3.49942244,12.5813,1.5802112799999999
895,1,90.217,3.5013217699999997,12.5879,1.581166119
896,1,90.2427,3.502319187,12.5944,1.582234472
897,1,90.2684,3.504219288,12.6009,1.583177076
898,1,90.294,3.5061160200000003,12.6074,1.584245884
899,1,90.3197,3.507113951,12.6139,1.585188813
900,1,90.3453,3.5090114519999998,12.6204,1.586131872
901,1,90.3709,3.5109094650000006,12.6269,1.58720133
902,1,90.3965,3.511904025,12.6334,1.5881447139999998
903,1,90.422,3.5137989199999997,12.6399,1.5892146270000003
904,1,90.4476,3.5156982119999998,12.6464,1.5901583359999998
905,1,90.4731,3.5166893970000004,12.6529,1.591102175
906,1,90.4986,3.5185855679999998,12.6594,1.592172738
907,1,90.524,3.5204783600000003,12.6659,1.5931169020000002
908,1,90.5495,3.521470055,12.6723,1.5941753399999998
909,1,90.575,3.5233675,12.6788,1.595119828
910,1,90.6004,3.5252615639999996,12.6853,1.596191299
911,1,90.6258,3.526249878,12.6918,1.5971361120000003
912,1,90.6512,3.5281447040000002,12.6982,1.5980684699999999
913,1,90.6765,3.530036145,12.7047,1.5991405890000001
914,1,90.7019,3.5310249669999996,12.7111,1.6000732679999998
915,1,90.7272,3.532917168,12.7176,1.60114584
916,1,90.7525,3.5348098749999997,12.724,1.60207884
917,1,90.7778,3.5357953099999997,12.7305,1.6031518649999998
918,1,90.8031,3.537688776,12.7369,1.604085186
919,1,90.8283,3.539578851,12.7434,1.6051586639999997
920,1,90.8536,3.5405647919999996,12.7498,1.606092306
921,1,90.8788,3.542455624,12.7563,1.6071662369999997
922,1,90.904,3.5443469599999995,12.7627,1.6081002
923,1,90.9292,3.5453295079999996,12.7691,1.6091619819999998
924,1,90.9544,3.5472216000000003,12.7755,1.610096265
925,1,90.9795,3.549110295,12.782,1.6111711
926,1,91.0046,3.5500894460000003,12.7884,1.612105704
927,1,91.0297,3.5519788940000003,12.7948,1.613168384
928,1,91.0548,3.553868844,12.8012,1.614103308
929,1,91.0799,3.554848497,12.8076,1.6151664360000002
930,1,91.105,3.5567392,12.814,1.61610168
931,1,91.13,3.5586265,12.8204,1.617165256
932,1,91.155,3.5596027500000003,12.8268,1.6181008200000002
933,1,91.18,3.5614908,12.8332,1.619164844
934,1,91.205,3.56337935,12.8396,1.620100728
935,1,91.23,3.5643561000000004,12.846,1.6211652
936,1,91.2549,3.566241492,12.8524,1.6221014039999997
937,1,91.2799,3.568131291,12.8588,1.6231663240000003
938,1,91.3048,3.569104632,12.8651,1.624218875
939,1,91.3297,3.5709912700000004,12.8715,1.62515559
940,1,91.3545,3.5728744949999998,12.8779,1.6262212120000001
941,1,91.3794,3.573848334,12.8843,1.6271582470000001
942,1,91.4043,3.5757362160000006,12.8906,1.628211686
943,1,91.4291,3.577620683,12.897,1.62914904
944,1,91.4539,3.578591107,12.9033,1.630202922
945,1,91.4787,3.580476318,12.9097,1.631269692
946,1,91.5035,3.5823620249999997,12.9161,1.632207557
947,1,91.5282,3.58332903,12.9224,1.633262136
948,1,91.553,3.58521548,12.9288,1.6342003200000002
949,1,91.5777,3.587098509,12.9351,1.635255342
950,1,91.6024,3.5880660080000006,12.9415,1.63632326
951,1,91.6271,3.589949778,12.9478,1.6372493100000003
952,1,91.6518,3.5909175239999995,12.9541,1.6383050270000001
953,1,91.6764,3.5927981160000004,12.9605,1.6392440400000001
954,1,91.7011,3.5946831199999996,12.9668,1.6403002
955,1,91.7257,3.59564744,12.9732,1.641369264
956,1,91.7503,3.597529263,12.9795,1.642296135
957,1,91.7749,3.599411578,12.9858,1.64335299
958,1,91.7995,3.6003763899999996,12.9921,1.644280176
959,1,91.8241,3.6022594430000003,12.9985,1.64535013
960,1,91.8486,3.604139064,13.0048,1.6464076799999998
961,1,91.8731,3.6051004439999996,13.0111,1.647335371
962,1,91.8976,3.6069808,13.0174,1.648393362
963,1,91.9221,3.6088616460000003,13.0237,1.649451605
964,1,91.9466,3.6098235160000005,13.03,1.6503797999999998
965,1,91.9711,3.611705097,13.0363,1.6514384839999998
966,1,91.9955,3.6135832400000005,13.0427,1.65251009
967,1,92.02,3.6145456,13.049,1.6534387899999998
968,1,92.0444,3.6164244759999997,13.0553,1.6544981690000002
969,1,92.0688,3.6173831519999995,13.0616,1.6555578
970,1,92.0932,3.61926276,13.0679,1.6564870040000002
971,1,92.1175,3.621138925,13.0742,1.657547076
972,1,92.1419,3.622098089,13.0804,1.6585947199999997
973,1,92.1662,3.623974984,13.0867,1.6595244270000002
974,1,92.1906,3.625856298,13.093,1.66058519
975,1,92.2149,3.6268120169999998,13.0993,1.6616462049999998
976,1,92.2392,3.6286901279999997,13.1056,1.6627074720000001
977,1,92.2635,3.630568725,13.1119,1.663637872
978,1,92.2877,3.6315209950000003,13.1182,1.6646995800000002
979,1,92.312,3.63340032,13.1245,1.66576154
980,1,92.3362,3.6343528320000003,13.1307,1.6666797509999998
981,1,92.3604,3.6362289480000003,13.137,1.6677421500000003
982,1,92.3846,3.638105548,13.1433,1.668804801
983,1,92.4088,3.6390585439999996,13.1496,1.6698677039999998
984,1,92.433,3.6409358700000003,13.1558,1.6707866
985,1,92.4572,3.6428136799999997,13.1621,1.671849942
986,1,92.4813,3.64376322,13.1684,1.6729135359999998
987,1,92.5054,3.6456378139999996,13.1746,1.673964676
988,1,92.5295,3.64751289,13.1809,1.6748969629999997
989,1,92.5536,3.648462912,13.1872,1.6759612480000001
990,1,92.5777,3.650338711,13.1934,1.677013074
991,1,92.6018,3.651288974,13.1997,1.678077861
992,1,92.6259,3.653165496,13.2059,1.678998126
993,1,92.6499,3.655038555,13.2122,1.680063352
994,1,92.6739,3.655985355,13.2185,1.68112883
995,1,92.698,3.65786308,13.2247,1.6821818400000002
996,1,92.722,3.6597373399999995,13.231,1.68311551
997,1,92.7459,3.660680673,13.2372,1.6841689560000002
998,1,92.7699,3.6625556520000004,13.2435,1.685235375
999,1,92.7939,3.663503172,13.2497,1.6862893190000001
1000,1,92.8178,3.665374922,13.256,1.68735624
1001,1,92.8418,3.6672511,13.2622,1.68827806
1002,1,92.8657,3.6681951500000003,13.2684,1.689332688
1003,1,92.8896,3.6700680960000005,13.2747,1.6904002980000001
1004,1,92.9135,3.67194152,13.2809,1.6914554240000002
1005,1,92.9373,3.6728820959999995,13.2872,1.692523536
1006,1,92.9612,3.6747562360000003,13.2934,1.693446226
1007,1,92.985,3.67569705,13.2996,1.6945020359999998
1008,1,93.0089,3.677571906,13.3059,1.6955708369999998
1009,1,93.0327,3.6794432850000005,13.3121,1.696627145
1010,1,93.0565,3.680384575,13.3183,1.697683701
1011,1,93.0803,3.6822566679999995,13.3246,1.6987532539999999
1012,1,93.1041,3.684129237,13.3308,1.699677
1013,1,93.1278,3.685067046,13.337,1.7007342399999998
1014,1,93.1516,3.686940328,13.3433,1.7018044819999998
1015,1,93.1753,3.6878783739999994,13.3495,1.70286222
1016,1,93.1991,3.6897523690000003,13.3557,1.703920206
1017,1,93.2228,3.6916228800000006,13.3619,1.7049784399999999
1018,1,93.2465,3.6925614,13.3682,1.7060496840000001
1019,1,93.2702,3.694432622,13.3744,1.7069746719999999
1020,1,93.2938,3.695367418,13.3806,1.70803359
1021,1,93.3175,3.6972393500000003,13.3868,1.709092756
1022,1,93.3411,3.6991077929999996,13.3931,1.710164939
1023,1,93.3648,3.700047024,13.3993,1.7112246029999998
1024,1,93.3884,3.701916176,13.4055,1.7122845150000001
1025,1,93.412,3.70285168,13.4117,1.713344675
1026,1,93.4356,3.7047215399999995,13.4179,1.714405083
1027,1,93.4592,3.7065918719999997,13.4242,1.7154785179999998
1028,1,93.4827,3.707523882,13.4304,1.7165394240000003
1029,1,93.5063,3.7093949209999995,13.4366,1.717466212
1030,1,93.5298,3.711262464,13.4428,1.718527552
1031,1,93.5534,3.712198912,13.449,1.71958914
1032,1,93.5769,3.714067161,13.4552,1.720650976
1033,1,93.6004,3.714999876,13.4614,1.7217130600000001
1034,1,93.6239,3.71686883,13.4677,1.7227881840000001
1035,1,93.6473,3.7187342830000003,13.4739,1.723850766
1036,1,93.6708,3.7196674680000004,13.4801,1.724913596
1037,1,93.6943,3.7215375959999997,13.4863,1.7259766740000002
1038,1,93.7177,3.7224670439999996,13.4925,1.72704
1039,1,93.7411,3.7243339030000002,13.4987,1.728103574
1040,1,93.7646,3.7262052039999998,13.5049,1.7291673959999998
1041,1,93.788,3.72713512,13.5111,1.7302314660000002
1042,1,93.8113,3.728999175,13.5173,1.731295784
1043,1,93.8347,3.729929325,13.5235,1.73236035
1044,1,93.8581,3.7317980559999993,13.5297,1.7334251640000002
1045,1,93.8814,3.733663278,13.5359,1.7344902260000001
1046,1,93.9048,3.734593896,13.5421,1.735555536
1047,1,93.9281,3.736459818,13.5483,1.7366210939999998
1048,1,93.9514,3.7373866920000007,13.5545,1.7375513550000001
1049,1,93.9747,3.739253313,13.5607,1.738617347
1050,1,93.998,3.7411204000000002,13.5669,1.7396835870000003
1051,1,94.0213,3.74204774,13.5731,1.740750075
1052,1,94.0446,3.743915526,13.5793,1.7418168109999999
1053,1,94.0678,3.7448391180000002,13.5855,1.7428837949999998
1054,1,94.0911,3.746707602,13.5917,1.7440869439999998
1055,1,94.1143,3.748572569,13.5979,1.7451544860000001
1056,1,94.1376,3.749500608,13.6041,1.7462222760000001
1057,1,94.1608,3.751366272,13.6103,1.747290314
1058,1,94.184,3.75229056,13.6165,1.7483585999999998
1059,1,94.2071,3.7541529349999996,13.6227,1.749427134
1060,1,94.2303,3.756019758,13.6289,1.750495916
1061,1,94.2535,3.75694451,13.6351,1.7515649459999998
1062,1,94.2766,3.7588080420000005,13.6413,1.7526342240000001
1063,1,94.2998,3.7597330260000006,13.6475,1.7537037500000001
1064,1,94.3229,3.761597252,13.6537,1.754773524
1065,1,94.346,3.7634619400000004,13.6599,1.755843546
1066,1,94.3691,3.764383399,13.6661,1.7569138160000002
1067,1,94.3922,3.7662487799999997,13.6723,1.757984334
1068,1,94.4153,3.76717047,13.6785,1.7590550999999999
1069,1,94.4384,3.769036544,13.6847,1.7601261140000002
1070,1,94.4615,3.769958465,13.6909,1.761197376
1071,1,94.4845,3.7718212399999995,13.6971,1.762268886
1072,1,94.5075,3.7736844749999996,13.7033,1.763340644
1073,1,94.5306,3.7746068580000003,13.7095,1.7645497449999998
1074,1,94.5536,3.7764707840000002,13.7157,1.7656220610000002
1075,1,94.5766,3.7773894040000005,13.7218,1.76668175
1076,1,94.5996,3.7792540199999998,13.728,1.76775456
1077,1,94.6226,3.7811190960000003,13.7342,1.7688276179999998
1078,1,94.6455,3.78203418,13.7404,1.769900924
1079,1,94.6685,3.7838999449999995,13.7466,1.770974478
1080,1,94.6914,3.784815258,13.7528,1.77204828
1081,1,94.7144,3.786681712,13.759,1.7731223300000003
1082,1,94.7373,3.788544627,13.7652,1.77433428
1083,1,94.7602,3.7894603979999997,13.7714,1.775408888
1084,1,94.7831,3.7913240000000004,13.7776,1.7764837439999999
1085,1,94.806,3.79224,13.7838,1.7775588479999997
1086,1,94.8289,3.794104289,13.7899,1.7786213020000001
1087,1,94.8518,3.7950205179999994,13.7961,1.7796969
1088,1,94.8747,3.796885494,13.8023,1.780772746
1089,1,94.8975,3.798746925,13.8085,1.781986925
1090,1,94.9203,3.7996596090000003,13.8147,1.783063329
1091,1,94.9432,3.801525728,13.8209,1.784139981
1092,1,94.966,3.8024386399999996,13.8271,1.785216881
1093,1,94.9888,3.80430144,13.8333,1.7862940289999998
1094,1,95.0116,3.8052145800000003,13.8395,1.7873714249999997
1095,1,95.0344,3.807078064,13.8456,1.7885746079999998
1096,1,95.0572,3.808942004,13.8518,1.7896525600000002
1097,1,95.0799,3.809851593,13.858,1.7907307600000002
1098,1,95.1027,3.8117162159999998,13.8642,1.7918092079999999
1099,1,95.1254,3.812626032,13.8704,1.7928879040000003
1100,1,95.1482,3.8144913380000003,13.8766,1.7941056139999998
1101,1,95.1709,3.815401381,13.8828,1.795184868
1102,1,95.1936,3.8172633599999997,13.8889,1.796251437
1103,1,95.2163,3.819125793,13.8951,1.7973311849999998
1104,1,95.239,3.82003629,13.9013,1.7984111810000003
1105,1,95.2617,3.8218994040000003,13.9075,1.7996305
1106,1,95.2844,3.8228101280000004,13.9137,1.8007110540000002
1107,1,95.307,3.82466991,13.9199,1.801791856
1108,1,95.3297,3.825580861,13.9261,1.802872906
1109,1,95.3523,3.8274413220000003,13.9322,1.803941256
1110,1,95.375,3.8293062499999997,13.9384,1.8051621839999998
1111,1,95.3976,3.8302136399999998,13.9446,1.806244038
1112,1,95.4202,3.8320752319999998,13.9508,1.8073261399999998
1113,1,95.4428,3.8329828480000003,13.957,1.80840849
1114,1,95.4654,3.834845118,13.9632,1.80963072
1115,1,95.488,3.8357529599999998,13.9693,1.8107006660000002
1116,1,95.5105,3.83761189,13.9755,1.81178382
1117,1,95.5331,3.8394752889999997,13.9817,1.8130070390000002
1118,1,95.5556,3.8403795639999996,13.9879,1.814090751
1119,1,95.5782,3.84224364,13.9941,1.8151747109999998
1120,1,95.6007,3.8431481400000003,14.0003,1.816258919
1121,1,95.6232,3.845008872,14.0064,1.8174704639999997
1122,1,95.6457,3.8459135970000005,14.0126,1.8185552280000001
1123,1,95.6682,3.847775004,14.0188,1.81964024
1124,1,95.6907,3.8496368610000005,14.025,1.8207255
1125,1,95.7132,3.8505420360000002,14.0312,1.82195132
1126,1,95.7356,3.852400544,14.0373,1.8230241510000003
1127,1,95.7581,3.8533059439999997,14.0435,1.8241102150000001
1128,1,95.7805,3.855165125,14.0497,1.825337024
1129,1,95.803,3.8560707499999998,14.0559,1.8264236459999998
1130,1,95.8254,3.857930604,14.0621,1.8275105159999998
1131,1,95.8478,3.858832428,14.0682,1.8287253179999998
1132,1,95.8702,3.860692954,14.0744,1.8298127439999998
1133,1,95.8926,3.8625539280000005,14.0806,1.8309004180000001
1134,1,95.915,3.863456200000001,14.0868,1.8321292080000002
1135,1,95.9374,3.865317846,14.093,1.83321744
1136,1,95.9597,3.866216313,14.0991,1.8342929099999998
1137,1,95.9821,3.8680786300000003,14.1053,1.8355226889999998
1138,1,96.0044,3.8689773200000004,14.1115,1.8366117249999998
1139,1,96.0268,3.8708403079999996,14.1177,1.837701009
1140,1,96.0491,3.872699712,14.1238,1.83891876
1141,1,96.0714,3.873598848,14.13,1.8400086000000002
1142,1,96.0937,3.875458921,14.1362,1.841098688
1143,1,96.116,3.87635828,14.1424,1.842330448
1144,1,96.1383,3.878219022,14.1485,1.843408065
1145,1,96.1606,3.8791186040000003,14.1547,1.8446405039999998
1146,1,96.1828,3.8809759799999997,14.1609,1.845731706
1147,1,96.2051,3.8818757849999996,14.1671,1.846823156
1148,1,96.2273,3.883733828,14.1732,1.848043548
1149,1,96.2495,3.88462982,14.1794,1.8491355539999998
1150,1,96.2718,3.8864925660000003,14.1856,1.850227808
1151,1,96.294,3.8883517199999997,14.1917,1.851449182
1152,1,96.3162,3.889248156,14.1979,1.8525419920000004
1153,1,96.3384,3.891107976,14.2041,1.8537770909999998
1154,1,96.3606,3.8920046340000005,14.2103,1.854870459
1155,1,96.3827,3.8938610799999998,14.2164,1.85595102
1156,1,96.4049,3.8947579599999997,14.2226,1.857187108
1157,1,96.427,3.8966150700000006,14.2288,1.85828128
1158,1,96.4492,3.8975121720000003,14.2349,1.859504987
1159,1,96.4713,3.8993699459999998,14.2411,1.8605997149999998
1160,1,96.4934,3.9012281619999998,14.2473,1.8618371639999998
1161,1,96.5156,3.9021257080000002,14.2534,1.8629193800000001
1162,1,96.5377,3.9039845879999997,14.2596,1.864014912
1163,1,96.5598,3.9048783119999997,14.2658,1.8652533500000001
1164,1,96.5818,3.90673381,14.2719,1.866336363
1165,1,96.6039,3.907627755,14.2781,1.86757548
1166,1,96.626,3.9094879600000003,14.2843,1.8686721259999999
1167,1,96.648,3.91037808,14.2904,1.8698988399999998
1168,1,96.6701,3.912238947,14.2966,1.8709960419999998
1169,1,96.6921,3.913129287,14.3028,1.8722365199999997
1170,1,96.7141,3.9149867680000003,14.3089,1.873321188
1171,1,96.7362,3.9168487379999997,14.3151,1.874562345
1172,1,96.7582,3.917739518,14.3213,1.8756606610000002
1173,1,96.7802,3.9195981,14.3274,1.876746126
1174,1,96.8021,3.92048505,14.3336,1.877988272
1175,1,96.8241,3.922344291,14.3397,1.879074288
1176,1,96.8461,3.923235511,14.3459,1.8803171129999998
1177,1,96.868,3.9250913599999997,14.3521,1.8814167890000002
1178,1,96.89,3.9259828,14.3582,1.8826471839999999
1179,1,96.9119,3.9278393069999997,14.3644,1.883747416
1180,1,96.9339,3.9287309669999995,14.3705,1.8849784850000002
1181,1,96.9558,3.930588132,14.3767,1.886079273
1182,1,96.9777,3.931475958,14.3829,1.8873241379999999
1183,1,96.9996,3.9333337800000003,14.389,1.8884123599999998
1184,1,97.0215,3.93519204,14.3952,1.889657904
1185,1,97.0434,3.9360803040000003,14.4013,1.8907466769999999
1186,1,97.0652,3.937935164,14.4075,1.8919929
1187,1,97.0871,3.9388236470000004,14.4136,1.8930822240000003
1188,1,97.1089,3.940679162,14.4198,1.894329126
1189,1,97.1308,3.9415678639999996,14.4259,1.8955632599999999
1190,1,97.1526,3.9434240340000004,14.4321,1.8966665820000002
1191,1,97.1744,3.9443088960000003,14.4382,1.8979013900000001
1192,1,97.1963,3.9461697799999995,14.4444,1.899005268
1193,1,97.2181,3.94705486,14.4505,1.90024075
1194,1,97.2399,3.948912339,14.4567,1.901345184
1195,1,97.2616,3.9497935760000003,14.4628,1.90258134
1196,1,97.2834,3.9516517080000004,14.469,1.9036863299999998
1197,1,97.3052,3.953510276,14.4751,1.9049231599999998
1198,1,97.3269,3.9543919469999995,14.4813,1.9060287059999996
1199,1,97.3487,3.956251168,14.4874,1.9072662099999997
1200,1,97.3704,3.9571330560000004,14.4936,1.9083723120000002
1201,1,97.3922,3.95899293,14.4997,1.9096104900000002
1202,1,97.4139,3.9598750349999996,14.5059,1.9108622070000003
1203,1,97.4356,3.961731496,14.512,1.9119560000000002
1204,1,97.4573,3.9626138180000003,14.5181,1.9131952180000003
1205,1,97.479,3.9644709299999996,14.5243,1.9143027400000001
1206,1,97.5007,3.9653534689999996,14.5304,1.915542632
1207,1,97.5223,3.967207164,14.5366,1.9166507099999999
1208,1,97.544,3.96808992,14.5427,1.917891276
1209,1,97.5657,3.969948333,14.5488,1.919132208
1210,1,97.5873,3.9708272369999995,14.555,1.9202411499999998
1211,1,97.6089,3.97268223,14.5611,1.9214827559999998
1212,1,97.6306,3.97356542,14.5673,1.9225922539999998
1213,1,97.6522,3.975421062,14.5734,1.9238345339999998
1214,1,97.6738,3.977277136,14.5795,1.9250771799999997
1215,1,97.6954,3.9781566880000003,14.5857,1.926187542
1216,1,97.717,3.98001341,14.5918,1.927430862
1217,1,97.7385,3.980889105,14.5979,1.928528569
1218,1,97.7601,3.982746474,14.6041,1.9297857740000002
1219,1,97.7817,3.983626458,14.6102,1.9310301340000002
1220,1,97.8032,3.9854804,14.6163,1.9321286970000002
1221,1,97.8248,3.9863606,14.6225,1.93338695
1222,1,97.8463,3.988215188,14.6286,1.9346323500000002
1223,1,97.8678,3.989091528,14.6347,1.935731769
1224,1,97.8893,3.9909467610000005,14.6408,1.9369778400000002
1225,1,97.9108,3.991823316,14.647,1.93809104
1226,1,97.9323,3.993679194,14.6531,1.939337785
1227,1,97.9538,3.994555964,14.6592,1.940584896
1228,1,97.9753,3.996412487,14.6653,1.94168572
1229,1,97.9968,3.997289472,14.6715,1.942946745
1230,1,98.0182,3.99914256,14.6776,1.944194896
1231,1,98.0397,4.00001976,14.6837,1.9452965759999998
1232,1,98.0611,4.001873491,14.6898,1.9465453979999998
1233,1,98.0825,4.002746825,14.696,1.9478078399999998
1234,1,98.1039,4.0046011980000005,14.7021,1.9489103760000002
1235,1,98.1253,4.005474746,14.7082,1.9501602380000003
1236,1,98.1467,4.007329760999999,14.7143,1.9514104659999998
1237,1,98.1681,4.009185204,14.7204,1.9525138560000002
1238,1,98.1895,4.01005918,14.7265,1.9537647550000001
1239,1,98.2109,4.011915265,14.7327,1.954881963
1240,1,98.2322,4.01278537,14.7388,1.956133536
1241,1,98.2536,4.014642096,14.7449,1.957385475
1242,1,98.2749,4.015512414,14.751,1.95863778
1243,1,98.2963,4.017369781,14.7571,1.9597428799999999
1244,1,98.3176,4.018240312,14.7632,1.960995856
1245,1,98.3389,4.020094232,14.7693,1.962249198
1246,1,98.3602,4.020964976,14.7754,1.9633551519999999
1247,1,98.3815,4.022819535,14.7816,1.9646224559999999
1248,1,98.4028,4.023690492,14.7877,1.965876838
1249,1,98.4241,4.0255456899999995,14.7938,1.9669836479999998
1250,1,98.4453,4.02641277,14.7999,1.9682387009999998
1251,1,98.4666,4.028268606,14.806,1.9694941199999998
1252,1,98.4878,4.029135898,14.8121,1.9706017839999999
1253,1,98.5091,4.030992372,14.8182,1.971857874
1254,1,98.5303,4.0318598759999995,14.8243,1.9731143299999998
1255,1,98.5515,4.033712895,14.8304,1.9742228479999997
1256,1,98.5727,4.034580611,14.8365,1.9754799749999998
1257,1,98.5939,4.036434266,14.8426,1.9767374679999998
1258,1,98.6151,4.037302194,14.8487,1.977995327
1259,1,98.6363,4.039156485,14.8548,1.9791050039999998
1260,1,98.6575,4.040024625,14.8609,1.9803635339999999
1261,1,98.6786,4.0418754560000005,14.867,1.98162243
1262,1,98.6998,4.042743808,14.8731,1.9827329610000002
1263,1,98.7209,4.044595273,14.8792,1.983992528
1264,1,98.7421,4.045463837,14.8853,1.985252461
1265,1,98.7632,4.047315936,14.8913,1.986350507
1266,1,98.7843,4.0481806140000005,14.8974,1.987611108
1267,1,98.8054,4.050033346,14.9035,1.9888720750000002
1268,1,98.8265,4.050898235,14.9096,1.9901334079999997
1269,1,98.8476,4.052751600000001,14.9157,1.99124595
1270,1,98.8687,4.0536167,14.9218,1.9925079540000001
1271,1,98.8897,4.055466597,14.9279,1.993770324
1272,1,98.9108,4.056331908,14.934,1.9950330599999997
1273,1,98.9318,4.058182436,14.94,1.9961334
1274,1,98.9529,4.060037487,14.9461,1.997396804
1275,1,98.9739,4.060899117,14.9522,1.998660574
1276,1,98.9949,4.062750696,14.9583,1.999775127
1277,1,99.0159,4.063612536,14.9644,2.001039568
1278,1,99.0369,4.065464745000001,14.9704,2.002291
1279,1,99.0579,4.066326795,14.9765,2.00355617
1280,1,99.0789,4.068179634,14.9826,2.00467188
1281,1,99.0999,4.069041894,14.9887,2.005937721
1282,1,99.1208,4.070891256,14.9948,2.007203928
1283,1,99.1418,4.071753726000001,15.0008,2.0084571120000003
1284,1,99.1628,4.073607824,15.0069,2.009573979
1285,1,99.1837,4.074466396,15.013,2.01084122
1286,1,99.2046,4.076317014,15.019,2.01209543
1287,1,99.2255,4.077175795,15.0251,2.0133634000000002
1288,1,99.2464,4.07902704,15.0312,2.014481424
1289,1,99.2673,4.07988603,15.0373,2.015750065
1290,1,99.2882,4.081737902,15.0433,2.017005664
1291,1,99.3091,4.082597101,15.0494,2.018275034
1292,1,99.33,4.084449599999999,15.0555,2.019394215
1293,1,99.3509,4.085309007999999,15.0615,2.02065084
1294,1,99.3717,4.0871580210000005,15.0676,2.021921244
1295,1,99.3926,4.088017638,15.0736,2.0231785920000003
1296,1,99.4134,4.0898672760000006,15.0797,2.024449725
1297,1,99.4342,4.0907229880000004,15.0858,2.025570366
1298,1,99.455,4.09257325,15.0918,2.02682874
1299,1,99.4758,4.09342917,15.0979,2.028100907
1300,1,99.4966,4.095280056,15.1039,2.029360004
1301,1,99.5174,4.096136184,15.11,2.0304818
1302,1,99.5382,4.097987694,15.1161,2.031755001
1303,1,99.559,4.0988440299999995,15.1221,2.033015124
1304,1,99.5798,4.100696164,15.1282,2.0342890540000003
1305,1,99.6005,4.10154859,15.1342,2.035398558
1306,1,99.6212,4.1033972279999995,15.1403,2.036673156
1307,1,99.642,4.104253979999999,15.1463,2.037934665
1308,1,99.6627,4.10610324,15.1524,2.039209992
1309,1,99.6834,4.106956080000001,15.1584,2.040472224
1310,1,99.7041,4.108805961,15.1645,2.041596635
1311,1,99.7248,4.1096590079999995,15.1705,2.0428595300000003
1312,1,99.7455,4.11150951,15.1766,2.044136254
1313,1,99.7662,4.112362764,15.1826,2.0453998720000004
1314,1,99.7869,4.114213887,15.1887,2.046525438
1315,1,99.8075,4.115063225,15.1947,2.047789719
1316,1,99.8282,4.116914968,15.2008,2.0490678399999998
1317,1,99.8488,4.117764512,15.2068,2.050332844
1318,1,99.8695,4.119616875,15.2128,2.051598208
1319,1,99.8901,4.120466625000001,15.2189,2.052725232
1320,1,99.9107,4.122315482,15.2249,2.053991259
1321,1,99.9313,4.123165437999999,15.231,2.05527114
1322,1,99.9519,4.124015394,15.237,2.05653789
1323,1,99.9725,4.125865075,15.243,2.057805
1324,1,99.9931,4.126715237,15.2491,2.058933482
1325,1,100.0137,4.128565536,15.2551,2.060201255
1326,1,100.0342,4.1294117759999995,15.2611,2.0614693880000003
1327,1,100.0548,4.131262692,15.2672,2.062751392
1328,1,100.0753,4.132109137,15.2732,2.064020248
1329,1,100.0959,4.1339606700000004,15.2792,2.065136672
1330,1,100.1164,4.13480732,15.2853,2.066419707
1331,1,100.1369,4.136655339,15.2913,2.067689586
1332,1,100.1574,4.137502194,15.2973,2.0689598250000003
1333,1,100.1779,4.139350828,15.3034,2.070090918
1334,1,100.1984,4.140197888,15.3094,2.07136182
1335,1,100.2189,4.1420471370000005,15.3154,2.0726330820000003
1336,1,100.2394,4.142894402,15.3214,2.0739047040000003
1337,1,100.2598,4.144740132,15.3275,2.075190225
1338,1,100.2803,4.145587602,15.3335,2.076309235
1339,1,100.3007,4.147433945,15.3395,2.07758188
1340,1,100.3212,4.14828162,15.3455,2.078854885
1341,1,100.3416,4.150128576,15.3516,2.0801418000000003
1342,1,100.362,4.15097232,15.3576,2.081415528
1343,1,100.3824,4.152819888,15.3636,2.08253598
1344,1,100.4028,4.153663836,15.3696,2.083810368
1345,1,100.4232,4.155512015999999,15.3756,2.085085116
1346,1,100.4436,4.156356168,15.3817,2.0863737880000004
1347,1,100.464,4.15820496,15.3877,2.0876492590000004
1348,1,100.4843,4.159045177,15.3937,2.088771153
1349,1,100.5047,4.16089458,15.3997,2.090047284
1350,1,100.525,4.161735,15.4057,2.091323775
1351,1,100.5454,4.163585014000001,15.4117,2.0926006260000003
1352,1,100.5657,4.164425637000001,15.4178,2.0938914179999997
1353,1,100.586,4.1662721199999995,15.4238,2.0951689919999996
1354,1,100.6063,4.167112946,15.4298,2.096292628
1355,1,100.6266,4.168960038,15.4358,2.0975708620000004
1356,1,100.6469,4.169801067,15.4418,2.0988494560000004
1357,1,100.6672,4.171648768,15.4478,2.10012841
1358,1,100.6875,4.17249,15.4538,2.1014077239999995
1359,1,100.7077,4.174334165,15.4598,2.1025328
1360,1,100.728,4.1751756,15.4658,2.103812774
1361,1,100.7482,4.177020371999999,15.4719,2.1051067139999997
1362,1,100.7685,4.17786201,15.4779,2.106387411
1363,1,100.7887,4.178699502,15.4839,2.107668468
1364,1,100.8089,4.180545083,15.4899,2.1087949860000004
1365,1,100.8291,4.181382777,15.4959,2.1100767030000003
1366,1,100.8493,4.183228964,15.5019,2.1113587799999998
1367,1,100.8695,4.184066860000001,15.5079,2.1126412169999997
1368,1,100.8897,4.185913653,15.5139,2.1139240139999997
1369,1,100.9099,4.186751750999999,15.5199,2.1150519720000003
1370,1,100.9301,4.18859915,15.5259,2.116335429
1371,1,100.9502,4.1894333,15.5319,2.117619246
1372,1,100.9704,4.191281303999999,15.5379,2.118903423
1373,1,100.9905,4.192115654999999,15.5439,2.12018796
1374,1,101.0107,4.193964264,15.5499,2.121317358
1375,1,101.0308,4.1947988160000005,15.5559,2.122602555
1376,1,101.0509,4.196643877,15.5619,2.123888112
1377,1,101.071,4.19747863,15.5679,2.125174029
1378,1,101.0911,4.199324294,15.5739,2.126460306
1379,1,101.1112,4.200159248,15.5799,2.1275911439999997
1380,1,101.1313,4.202005515,15.5859,2.128878081
1381,1,101.1514,4.20284067,15.5918,2.130151716
1382,1,101.1714,4.204683384,15.5978,2.13143937
1383,1,101.1915,4.2055187400000005,15.6038,2.132727384
1384,1,101.2115,4.207362055,15.6098,2.1338596599999997
1385,1,101.2316,4.208197612,15.6158,2.1351483339999997
1386,1,101.2516,4.210041528,15.6218,2.1364373679999997
1387,1,101.2716,4.210873128,15.6278,2.137726762
1388,1,101.2917,4.211708886,15.6338,2.139016516
1389,1,101.3117,4.213553603,15.6398,2.140150232
1390,1,101.3317,4.2143854030000005,15.6458,2.141440646
1391,1,101.3517,4.2162307199999995,15.6517,2.1427177299999998
1392,1,101.3716,4.21705856,15.6577,2.144008861
1393,1,101.3916,4.218904476,15.6637,2.145300352
1394,1,101.4116,4.219736676,15.6697,2.146435506
1395,1,101.4315,4.22157903,15.6757,2.147727657
1396,1,101.4515,4.222411429999999,15.6817,2.149020168
1397,1,101.4714,4.224254382,15.6877,2.150313039
1398,1,101.4914,4.225086982,15.6936,2.15159256
1399,1,101.5113,4.226930532000001,15.6996,2.152729152
1400,1,101.5312,4.227759168,15.7056,2.1540230399999998
1401,1,101.5511,4.229603315,15.7116,2.155317288
1402,1,101.571,4.2304321499999995,15.7176,2.156611896
1403,1,101.5909,4.232276894000001,15.7236,2.157906864
1404,1,101.6108,4.2331059280000005,15.7295,2.15903117
1405,1,101.6306,4.234947102,15.7355,2.160326795
1406,1,101.6505,4.235776335,15.7415,2.16162278
1407,1,101.6704,4.236605568,15.7475,2.162919125
1408,1,101.6902,4.238447536000001,15.7534,2.1640445579999996
1409,1,101.7101,4.239276968,15.7594,2.16534156
1410,1,101.7299,4.241119531,15.7654,2.1666389219999997
1411,1,101.7497,4.241944993,15.7714,2.167936644
1412,1,101.7695,4.243788149999999,15.7774,2.169234726
1413,1,101.7893,4.24461381,15.7833,2.170361583
1414,1,101.8091,4.246457561,15.7893,2.171660322
1415,1,101.8289,4.2472834189999995,15.7953,2.172959421
1416,1,101.8487,4.249127764,15.8013,2.17425888
1417,1,101.8685,4.24995382,15.8072,2.175544936
1418,1,101.8883,4.251798759000001,15.8132,2.17668698
1419,1,101.908,4.2526208400000005,15.8192,2.177987456
1420,1,101.9278,4.254466372,15.8252,2.179288292
1421,1,101.9475,4.25528865,15.8311,2.1805757139999997
1422,1,101.9673,4.257134775,15.8371,2.181718896
1423,1,101.987,4.25795725,15.8431,2.1830207489999998
1424,1,102.0067,4.258779725,15.849,2.18430918
1425,1,102.0264,4.260622464,15.855,2.18561175
1426,1,102.0461,4.261445136,15.861,2.18691468
1427,1,102.0658,4.263288466,15.8669,2.18804551
1428,1,102.0855,4.264111335,15.8729,2.189349097
1429,1,102.1052,4.265955256,15.8789,2.190653044
1430,1,102.1249,4.2667783219999995,15.8849,2.191957351
1431,1,102.1446,4.268622834,15.8908,2.193089308
1432,1,102.1642,4.269441918,15.8968,2.1943942720000003
1433,1,102.1839,4.271287019999999,15.9028,2.195699596
1434,1,102.2035,4.2721063,15.9087,2.19699147
1435,1,102.2232,4.273951992000001,15.9147,2.198297511
1436,1,102.2428,4.274771468,15.9207,2.199444705
1437,1,102.2624,4.275590944,15.9266,2.200737588
1438,1,102.282,4.277433240000001,15.9326,2.202044646
1439,1,102.3016,4.278252912,15.9386,2.2033520639999997
1440,1,102.3212,4.280095796,15.9445,2.20448657
1441,1,102.3408,4.280915664,15.9505,2.205794645
1442,1,102.3604,4.282759136,15.9565,2.20710308
1443,1,102.38,4.2835792,15.9624,2.20839804
1444,1,102.3996,4.28542326,15.9684,2.209707192
1445,1,102.4191,4.286239334999999,15.9744,2.2108569599999996
1446,1,102.4387,4.288083982,15.9803,2.2121529289999997
1447,1,102.4582,4.288900252,15.9863,2.213463098
1448,1,102.4778,4.290745486,15.9922,2.214759778
1449,1,102.4973,4.291561950999999,15.9982,2.215910682
1450,1,102.5168,4.292378416,16.0042,2.217221868
1451,1,102.5364,4.294224432,16.0101,2.218519557
1452,1,102.5559,4.295041092,16.0161,2.2198314600000004
1453,1,102.5754,4.2968835059999995,16.0221,2.2209835019999997
1454,1,102.5949,4.2977003609999995,16.028,2.2222821999999995
1455,1,102.6144,4.29954336,16.034,2.2235951199999997
1456,1,102.6338,4.300356219999999,16.0399,2.2248945289999997
1457,1,102.6533,4.302199803000001,16.0459,2.2260477069999998
1458,1,102.6728,4.303017048,16.0519,2.2273616439999997
1459,1,102.6923,4.304861216,16.0578,2.228662062
1460,1,102.7117,4.305674464,16.0638,2.229976716
1461,1,102.7312,4.307519216,16.0697,2.231117148
1462,1,102.7506,4.308332658,16.0757,2.232432459
1463,1,102.77,4.3091461,16.0817,2.23374813
1464,1,102.7895,4.31099163,16.0876,2.2350502679999997
1465,1,102.8089,4.3118052659999995,16.0936,2.2362057199999996
1466,1,102.8283,4.313647185,16.0995,2.2375085099999996
1467,1,102.8477,4.314461015,16.1055,2.238825555
1468,1,102.8671,4.316303516,16.1115,2.24014296
1469,1,102.8865,4.31711754,16.1174,2.241446818
1470,1,102.9059,4.318960623,16.1234,2.2426037059999997
1471,1,102.9252,4.319770644,16.1293,2.243908216
1472,1,102.9446,4.321614308,16.1353,2.245226995
1473,1,102.964,4.3224287200000004,16.1413,2.246546134
1474,1,102.9833,4.323238934,16.1472,2.24769024
1475,1,103.0027,4.325083373,16.1532,2.2490100359999996
1476,1,103.022,4.32589378,16.1591,2.2503162659999996
1477,1,103.0414,4.3277388,16.1651,2.2514751279999996
1478,1,103.0607,4.3285494,16.171,2.25278201
1479,1,103.08,4.3303908,16.177,2.25410318
1480,1,103.0993,4.331201592999999,16.1829,2.255410773
1481,1,103.1186,4.333043572,16.1889,2.256570771
1482,1,103.1379,4.3338545580000005,16.1949,2.257892958
1483,1,103.1572,4.3356971159999995,16.2008,2.25920156
1484,1,103.1765,4.336508295,16.2068,2.260524464
1485,1,103.1958,4.337319474,16.2127,2.2616716500000003
1486,1,103.2151,4.339162804000001,16.2187,2.262995211
1487,1,103.2343,4.3399699720000005,16.2246,2.2643051759999997
1488,1,103.2536,4.34181388,16.2306,2.265629454
1489,1,103.2728,4.34262124,16.2365,2.266777765
1490,1,103.2921,4.344465726,16.2425,2.2681026999999996
1491,1,103.3113,4.3452732780000005,16.2485,2.2694279949999996
1492,1,103.3306,4.347118342000001,16.2544,2.2707396799999997
1493,1,103.3498,4.347926086,16.2604,2.271903088
1494,1,103.369,4.34976752,16.2663,2.2732154250000005
1495,1,103.3882,4.350575456,16.2723,2.274542094
1496,1,103.4074,4.351383392,16.2782,2.27569236
1497,1,103.4266,4.3532255939999995,16.2842,2.277019686
1498,1,103.4458,4.3540337220000005,16.2901,2.278333386
1499,1,103.465,4.3558765,16.2961,2.2796614289999995
1500,1,103.4842,4.35668482,16.302,2.28081282
1501,1,103.5034,4.358528174,16.308,2.28214152
1502,1,103.5225,4.3593324749999995,16.314,2.2834705800000004
1503,1,103.5417,4.361176404,16.3199,2.2847860000000004
1504,1,103.5608,4.3619808959999995,16.3259,2.285952518
1505,1,103.58,4.362789599999999,16.3318,2.2872685900000005
1506,1,103.5991,4.364630083000001,16.3378,2.2885990240000003
1507,1,103.6183,4.365438979,16.3437,2.28975237
1508,1,103.6374,4.3672800359999995,16.3497,2.291083461
1509,1,103.6565,4.368084909999999,16.3556,2.292400896
1510,1,103.6756,4.36992654,16.3616,2.293732704
1511,1,103.6947,4.370731605,16.3675,2.294887175
1512,1,103.7138,4.372573808,16.3735,2.29621964
1513,1,103.7329,4.373379064000001,16.3794,2.297538438
1514,1,103.752,4.37418432,16.3854,2.298707766
1515,1,103.7711,4.376027287,16.3913,2.300027216
1516,1,103.7902,4.376832734,16.3973,2.301361055
1517,1,103.8092,4.378672056,16.4032,2.302681216
1518,1,103.8283,4.379477694,16.4092,2.3038516799999997
1519,1,103.8473,4.381317587,16.4151,2.3051724929999997
1520,1,103.8664,4.382123416,16.4211,2.306507706
1521,1,103.8854,4.3839638800000005,16.427,2.30766496
1522,1,103.9045,4.3847699,16.433,2.30900083
1523,1,103.9235,4.385571700000001,16.4389,2.310323006
1524,1,103.9425,4.387412925,16.4449,2.311495144
1525,1,103.9616,4.388219136,16.4508,2.312817972
1526,1,103.9806,4.390060932,16.4568,2.314155216
1527,1,103.9996,4.390863112,16.4627,2.315478755
1528,1,104.0186,4.392705478,16.4687,2.3166520289999997
1529,1,104.0376,4.393507848,16.4746,2.31797622
1530,1,104.0565,4.39534656,16.4806,2.319314838
1531,1,104.0755,4.3961491200000005,16.4865,2.3204748749999995
1532,1,104.0945,4.39695168,16.4925,2.32181415
1533,1,104.1135,4.398795375000001,16.4984,2.323139704
1534,1,104.1324,4.3995939,16.5044,2.3243146520000004
1535,1,104.1514,4.401438164,16.5103,2.3256408580000003
1536,1,104.1703,4.402236878,16.5163,2.3269815069999997
1537,1,104.1893,4.404081711,16.5222,2.328143202
1538,1,104.2082,4.4048806140000005,16.5282,2.3294845079999997
1539,1,104.2271,4.405679517,16.5341,2.330812077
1540,1,104.2461,4.407525108,16.5401,2.3321540999999995
1541,1,104.265,4.4083242,16.546,2.33331692
1542,1,104.2839,4.410166131,16.552,2.3346596
1543,1,104.3028,4.410965412,16.5579,2.335988532
1544,1,104.3217,4.41280791,16.5639,2.3371662900000003
1545,1,104.3406,4.413607379999999,16.5698,2.3384958740000004
1546,1,104.3595,4.415450445,16.5758,2.3398399280000004
1547,1,104.3784,4.416250104,16.5817,2.341004406
1548,1,104.3972,4.417045532,16.5876,2.342334996
1549,1,104.4161,4.418889352000001,16.5936,2.343680064
1550,1,104.435,4.4196892000000005,16.5995,2.34484537
1551,1,104.4538,4.421529354,16.6055,2.346191095
1552,1,104.4727,4.422329391,16.6114,2.347523048
1553,1,104.4915,4.42417011,16.6174,2.348703316
1554,1,104.5104,4.424970336,16.6233,2.350035921
1555,1,104.5292,4.425766328000001,16.6293,2.35138302
1556,1,104.548,4.4276078,16.6352,2.352549984
1557,1,104.5668,4.42840398,16.6412,2.35389774
1558,1,104.5856,4.430246016,16.6471,2.355231708
1559,1,104.6045,4.43104662,16.653,2.3563994999999998
1560,1,104.6233,4.432889221,16.659,2.3577482699999996
1561,1,104.6421,4.433685777,16.6649,2.359083244
1562,1,104.6608,4.435524704,16.6709,2.3602660220000002
1563,1,104.6796,4.436321448,16.6768,2.361601648
1564,1,104.6984,4.437118192000001,16.6828,2.362951792
1565,1,104.7172,4.438962108,16.6887,2.3641212420000004
1566,1,104.736,4.43975904,16.6947,2.3654720430000005
1567,1,104.7547,4.44159928,16.7006,2.3668090320000004
1568,1,104.7735,4.4423964,16.7065,2.36797931
1569,1,104.7922,4.444237202,16.7125,2.369331125
1570,1,104.811,4.445034510000001,16.7184,2.3705019359999997
1571,1,104.8297,4.445827577,16.7244,2.371854408
1572,1,104.8484,4.447669128,16.7303,2.373193055
1573,1,104.8672,4.448466624,16.7363,2.3743788809999997
1574,1,104.8859,4.450308737,16.7422,2.3757181800000002
1575,1,104.9046,4.451102178,16.7481,2.3770578330000003
1576,1,104.9233,4.452944852,16.7541,2.378244495
1577,1,104.942,4.453738479999999,16.76,2.3795848
1578,1,104.9607,4.4545321079999995,16.766,2.3809396599999997
1579,1,104.9794,4.45637553,16.7719,2.3821129569999995
1580,1,104.9981,4.457169345,16.7778,2.383454268
1581,1,105.0167,4.459009082,16.7838,2.3848101419999996
1582,1,105.0354,4.459803084,16.7897,2.3859842669999995
1583,1,105.0541,4.4616476270000005,16.7957,2.387340798
1584,1,105.0727,4.4624375689999995,16.8016,2.3885154560000004
1585,1,105.0914,4.463231758,16.8075,2.3898584250000003
1586,1,105.11,4.4650728,16.8135,2.39121597
1587,1,105.1287,4.465867176,16.8194,2.3923914560000004
1588,1,105.1473,4.467708777,16.8254,2.393749658
1589,1,105.166,4.46850334,16.8313,2.39509399
1590,1,105.1846,4.4703455000000005,16.8372,2.3962703039999997
1591,1,105.2032,4.471136,16.8432,2.39762952
1592,1,105.2218,4.4719265,16.8491,2.3988063669999997
1593,1,105.2404,4.473769404,16.855,2.400152
1594,1,105.259,4.47456009,16.861,2.4015122300000002
1595,1,105.2776,4.476403552000001,16.8669,2.402689905
1596,1,105.2962,4.477194424,16.8729,2.404050792
1597,1,105.3148,4.479038444,16.8788,2.4053977879999997
1598,1,105.3334,4.479829501999999,16.8847,2.4065762909999995
1599,1,105.352,4.48062056,16.8907,2.4079381919999996
1600,1,105.3705,4.48246107,16.8966,2.409117228
1601,1,105.3891,4.4832523140000005,16.9025,2.4104655249999998
1602,1,105.4076,4.4850933799999995,16.9085,2.41182844
1603,1,105.4262,4.48588481,16.9144,2.4130083040000003
1604,1,105.4447,4.487726432,16.9203,2.4143576070000003
1605,1,105.4633,4.488518048,16.9263,2.4155522730000003
1606,1,105.4818,4.489305408000001,16.9322,2.4169022280000005
1607,1,105.5003,4.491147771,16.9381,2.418252537
1608,1,105.5189,4.491939573,16.9441,2.4194480389999997
1609,1,105.5374,4.493782492,16.95,2.420799
1610,1,105.5559,4.494570222,16.9559,2.421980756
1611,1,105.5744,4.496413696,16.9619,2.423346653
1612,1,105.5929,4.497201611,16.9678,2.42469862
1613,1,105.6114,4.4979895260000005,16.9737,2.425881204
1614,1,105.6299,4.499833740000001,16.9796,2.42723382
1615,1,105.6483,4.50061758,16.9856,2.4284312320000003
1616,1,105.6668,4.502462348,16.9915,2.4297845
1617,1,105.6853,4.503250633,16.9974,2.4311381219999997
1618,1,105.7037,4.505091694,17.0034,2.4323363700000002
1619,1,105.7222,4.505880164,17.0093,2.4336906440000003
1620,1,105.7406,4.5066643719999995,17.0152,2.43487512
1621,1,105.7591,4.5085104330000005,17.0211,2.436230043
1622,1,105.7775,4.5092948250000005,17.0271,2.4374293650000003
1623,1,105.796,4.51114144,17.033,2.43878494
1624,1,105.8144,4.511926016,17.0389,2.4401408690000004
1625,1,105.8328,4.512710592,17.0448,2.4413267039999997
1626,1,105.8512,4.514553680000001,17.0508,2.442697608
1627,1,105.8696,4.51533844,17.0567,2.443883976
1628,1,105.888,4.5171820799999995,17.0626,2.445241206
1629,1,105.9064,4.517967024,17.0685,2.44659879
1630,1,105.9248,4.519811216,17.0744,2.447785984
1631,1,105.9432,4.520596344,17.0804,2.449158556
1632,1,105.9616,4.521381472,17.0863,2.4503462830000005
1633,1,105.98,4.5232264,17.0922,2.451705168
1634,1,105.9983,4.524007444,17.0981,2.4528934259999997
1635,1,106.0167,4.5258529229999995,17.104,2.45425296
1636,1,106.0351,4.526638419,17.11,2.4556272
1637,1,106.0534,4.52848018,17.1159,2.456816286
1638,1,106.0718,4.52926586,17.1218,2.4581768260000003
1639,1,106.0901,4.530047270000001,17.1277,2.459366443
1640,1,106.1084,4.531889764,17.1336,2.460727632
1641,1,106.1268,4.532675628,17.1395,2.4619177800000003
1642,1,106.1451,4.534518672,17.1455,2.4632939849999995
1643,1,106.1634,4.535300448,17.1514,2.464484666
1644,1,106.1817,4.536082224,17.1573,2.4658471559999997
1645,1,106.2,4.537926,17.1632,2.4672099999999997
1646,1,106.2183,4.538707959,17.1691,2.4684015070000003
1647,1,106.2366,4.540552283999999,17.175,2.469765
1648,1,106.2549,4.541334426000001,17.1809,2.4709570380000003
1649,1,106.2732,4.5431793,17.1868,2.4723211800000002
1650,1,106.2915,4.543961625000001,17.1927,2.473513749
1651,1,106.3097,4.544739675000001,17.1987,2.4748929299999998
1652,1,106.328,4.54658528,17.2046,2.4760860319999995
1653,1,106.3463,4.547367788,17.2105,2.477451475
1654,1,106.3645,4.549209665,17.2164,2.478817272
1655,1,106.3828,4.549992356000001,17.2223,2.4800112
1656,1,106.401,4.55077077,17.2282,2.481377646
1657,1,106.4192,4.552613376,17.2341,2.4825721050000005
1658,1,106.4375,4.55339625,17.24,2.4839392
1659,1,106.4557,4.555239403,17.2459,2.48513419
1660,1,106.4739,4.556018181,17.2518,2.486501934
1661,1,106.4921,4.55786188,17.2577,2.487697455
1662,1,106.5103,4.55864084,17.2636,2.489065848
1663,1,106.5285,4.5594198,17.2695,2.4902619
1664,1,106.5467,4.561264227000001,17.2754,2.491630942
1665,1,106.5649,4.5620433689999995,17.2813,2.4930003380000003
1666,1,106.5831,4.563888341999999,17.2872,2.4941972159999994
1667,1,106.6013,4.564667665999999,17.2931,2.4955672609999997
1668,1,106.6195,4.56544699,17.299,2.49676467
1669,1,106.6376,4.5672884080000005,17.3049,2.498135364
1670,1,106.6558,4.568067914,17.3108,2.4993333040000003
1671,1,106.6739,4.5699098760000005,17.3167,2.5007046470000005
1672,1,106.6921,4.570689564,17.3226,2.5019031180000004
1673,1,106.7102,4.57253207,17.3285,2.5032751099999997
1674,1,106.7284,4.57331194,17.3344,2.5044741119999996
1675,1,106.7465,4.5740875249999995,17.3402,2.505832302
1676,1,106.7646,4.575930756,17.3461,2.5070318329999997
1677,1,106.7828,4.576710808,17.352,2.50840512
1678,1,106.8009,4.578554583,17.3579,2.509605182
1679,1,106.819,4.57933053,17.3638,2.510979118
1680,1,106.8371,4.580106477,17.3697,2.5121797110000004
1681,1,106.8552,4.581950976,17.3756,2.513554296
1682,1,106.8733,4.582727104,17.3815,2.5147554199999997
1683,1,106.8914,4.584572146,17.3873,2.516116183
1684,1,106.9094,4.585344166,17.3932,2.517317836
1685,1,106.9275,4.5861204749999995,17.3991,2.518693716
1686,1,106.9456,4.58796624,17.405,2.5200699500000003
1687,1,106.9636,4.58873844,17.4109,2.521272429
1688,1,106.9817,4.590584746999999,17.4167,2.5226348279999997
1689,1,106.9998,4.591361417999999,17.4226,2.523837836
1690,1,107.0178,4.593203976,17.4285,2.5252153649999998
1691,1,107.0358,4.5939765359999996,17.4344,2.5264189040000002
1692,1,107.0539,4.594753388,17.4403,2.527797082
1693,1,107.0719,4.596596667,17.4461,2.5289866560000003
1694,1,107.0899,4.597369407,17.452,2.5303654800000004
1695,1,107.1079,4.599213226,17.4579,2.5315700789999998
1696,1,107.126,4.59999044,17.4637,2.532935048
1697,1,107.144,4.60076336,17.4696,2.5341401759999997
1698,1,107.162,4.602607900000001,17.4755,2.535520295
1699,1,107.1799,4.6033767050000005,17.4814,2.536725954
1700,1,107.1979,4.605221784,17.4872,2.538092208
1701,1,107.2159,4.605995064,17.4931,2.539298396
1702,1,107.2339,4.606768344,17.499,2.54067981
1703,1,107.2519,4.6086141430000005,17.5048,2.541872008
1704,1,107.2698,4.609383306000001,17.5107,2.543254068
1705,1,107.2878,4.611229644,17.5166,2.544461316
1706,1,107.3057,4.611998986,17.5224,2.545829496
1707,1,107.3237,4.613845863,17.5283,2.547037273
1708,1,107.3416,4.614615384,17.5341,2.5484060939999997
1709,1,107.3596,4.615389204,17.54,2.5496144
1710,1,107.3775,4.617232499999999,17.5459,2.5509984009999997
1711,1,107.3954,4.618002199999999,17.5517,2.552192697
1712,1,107.4133,4.619846033,17.5576,2.5535773440000002
1713,1,107.4312,4.620615912,17.5634,2.5547721640000005
1714,1,107.4492,4.621390092,17.5693,2.556157457
1715,1,107.4671,4.623234642000001,17.5751,2.557352801
1716,1,107.4849,4.624000398,17.581,2.55856293
1717,1,107.5028,4.625845483999999,17.5868,2.559934608
1718,1,107.5207,4.626615721,17.5927,2.561145266
1719,1,107.5386,4.627385958,17.5985,2.562517585
1720,1,107.5565,4.629231760000001,17.6044,2.5637287719999997
1721,1,107.5743,4.629997872,17.6102,2.565101732
1722,1,107.5922,4.63184421,17.6161,2.566313448
1723,1,107.61,4.6326105,17.6219,2.5676870490000003
1724,1,107.6279,4.633381095,17.6278,2.568899294
1725,1,107.6457,4.635223842,17.6336,2.570273536
1726,1,107.6636,4.6359946160000005,17.6394,2.5714717319999996
1727,1,107.6814,4.637837898,17.6453,2.5728611929999996
1728,1,107.6992,4.638604544,17.6511,2.5740599129999997
1729,1,107.717,4.64044836,17.657,2.57545002
1730,1,107.7349,4.641219492,17.6628,2.5766492640000003
1731,1,107.7527,4.641986316000001,17.6686,2.5780254260000004
1732,1,107.7705,4.643830845,17.6745,2.579239785
1733,1,107.7883,4.644597847000001,17.6803,2.580616588
1734,1,107.806,4.6464386,17.6861,2.581816878
1735,1,107.8238,4.64720578,17.692,2.5830319999999998
1736,1,107.8416,4.64797296,17.6978,2.584409734
1737,1,107.8594,4.649818734,17.7036,2.5856107800000006
1738,1,107.8772,4.650586092,17.7095,2.5870037599999995
1739,1,107.8949,4.652428088,17.7153,2.58820533
1740,1,107.9127,4.653195624,17.7211,2.5895843430000003
1741,1,107.9304,4.653958848,17.7269,2.590786435
1742,1,107.9482,4.655805866000001,17.7328,2.5921807040000004
1743,1,107.9659,4.656569267,17.7386,2.59338332
1744,1,107.9836,4.658412503999999,17.7444,2.594763612
1745,1,108.0014,4.659180396,17.7502,2.5959667499999997
1746,1,108.0191,4.659943974,17.7561,2.5973623079999997
1747,1,108.0368,4.66178792,17.7619,2.5985659700000006
1748,1,108.0545,4.6625516750000005,17.7677,2.599769864
1749,1,108.0722,4.664396151999999,17.7735,2.601151725
1750,1,108.0899,4.665160084,17.7793,2.602356141
1751,1,108.1076,4.665924016,17.7851,2.60373864
1752,1,108.1253,4.667769201,17.791,2.60495822
1753,1,108.143,4.66853331,17.7968,2.60634136
1754,1,108.1607,4.670379026000001,17.8026,2.607546822
1755,1,108.1783,4.671138994,17.8084,2.6089306
1756,1,108.196,4.67190328,17.8142,2.610136584
1757,1,108.2137,4.673749703,17.82,2.6113428
1758,1,108.2313,4.674509847,17.8258,2.612727506
1759,1,108.249,4.6763568,17.8316,2.613934244
1760,1,108.2666,4.67711712,17.8374,2.6153195879999998
1761,1,108.2842,4.678960281999999,17.8432,2.616526848
1762,1,108.3019,4.679725099,17.849,2.61791283
1763,1,108.3195,4.680485595,17.8548,2.6191206119999997
1764,1,108.3371,4.682329462,17.8606,2.620507232
1765,1,108.3547,4.6830901339999995,17.8664,2.621715536
1766,1,108.3723,4.6849345289999995,17.8722,2.622924072
1767,1,108.3899,4.685695377,17.878,2.6243116200000003
1768,1,108.4075,4.686456225,17.8838,2.625520678
1769,1,108.4251,4.688301324,17.8896,2.6269088640000002
1770,1,108.4427,4.689062348,17.8954,2.6281184439999996
1771,1,108.4603,4.690907975,17.9012,2.629507268
1772,1,108.4779,4.6916691749999995,17.907,2.63071737
1773,1,108.4954,4.69242605,17.9128,2.631927704
1774,1,108.513,4.69427238,17.9186,2.6333174560000003
1775,1,108.5306,4.695033756,17.9243,2.634513614
1776,1,108.5481,4.696876287,17.9301,2.635904001
1777,1,108.5657,4.697637839,17.9359,2.6371153769999998
1778,1,108.5832,4.6983950640000005,17.9417,2.638506402
1779,1,108.6008,4.700242624,17.9475,2.6397183
1780,1,108.6183,4.701000024,17.9533,2.64093043
1781,1,108.6358,4.702843782,17.959,2.64230767
1782,1,108.6533,4.703601357,17.9648,2.64352032
1783,1,108.6709,4.704363261,17.9706,2.6449129080000002
1784,1,108.6884,4.70620772,17.9764,2.64612608
1785,1,108.7059,4.70696547,17.9821,2.6473247619999998
1786,1,108.7234,4.708810454,17.9879,2.648718275
1787,1,108.7409,4.709568379,17.9937,2.649932199
1788,1,108.7583,4.710321973,17.9995,2.6513263499999997
1789,1,108.7758,4.712167656,18.0052,2.652526064
1790,1,108.7933,4.712925756,18.011,2.65392085
1791,1,108.8108,4.714771964,18.0168,2.655135816
1792,1,108.8282,4.715525906,18.0225,2.656336275
1793,1,108.8457,4.716284181,18.0283,2.657731986
1794,1,108.8632,4.718131088,18.0341,2.6589477039999996
1795,1,108.8806,4.718885203999999,18.0398,2.660329306
1796,1,108.8981,4.720732635,18.0456,2.6615455440000004
1797,1,108.9155,4.721486925,18.0513,2.6627472630000004
1798,1,108.9329,4.722241215,18.0571,2.6641445339999996
1799,1,108.9504,4.724089344,18.0629,2.6653615239999997
1800,1,108.9678,4.724843808,18.0686,2.666744674
1801,1,108.9852,4.726688124,18.0744,2.667962184
1802,1,109.0026,4.727442762,18.0801,2.6691651630000006
1803,1,109.02,4.7281974,18.0859,2.670563994
1804,1,109.0374,4.730042412,18.0916,2.671767488
1805,1,109.0548,4.730797224,18.0974,2.673166954
1806,1,109.0722,4.732642758,18.1031,2.6743709630000003
1807,1,109.0896,4.733397744,18.1089,2.675589975
1808,1,109.107,4.73415273,18.1146,2.676975588
1809,1,109.1244,4.73599896,18.1204,2.67819512
1810,1,109.1417,4.73674978,18.1261,2.679581363
1811,1,109.1591,4.738596531,18.1319,2.6808014150000004
1812,1,109.1764,4.739347523999999,18.1376,2.682006912
1813,1,109.1938,4.740102857999999,18.1434,2.68340886
1814,1,109.2112,4.741950304,18.1491,2.684614872
1815,1,109.2285,4.74270147,18.1548,2.685821112
1816,1,109.2458,4.744545094,18.1606,2.6872239819999995
1817,1,109.2632,4.7453007760000006,18.1663,2.688430737
1818,1,109.2805,4.746052115,18.172,2.6898194400000004
1819,1,109.2978,4.747896432,18.1778,2.6910415120000004
1820,1,109.3151,4.748647944,18.1835,2.69224901
1821,1,109.3324,4.750492780000001,18.1892,2.693638628
1822,1,109.3498,4.751248810000001,18.195,2.69486145
1823,1,109.3671,4.752000495,18.2007,2.696251698
1824,1,109.3844,4.753846024,18.2064,2.6974602239999994
1825,1,109.4016,4.754593536,18.2122,2.698683796
1826,1,109.4189,4.755345394,18.2179,2.700074959
1827,1,109.4362,4.757191614,18.2236,2.701284228
1828,1,109.4535,4.757943645,18.2293,2.7024937249999996
1829,1,109.4708,4.7597903839999995,18.235,2.7038857999999997
1830,1,109.488,4.76053824,18.2408,2.7051106399999996
1831,1,109.5053,4.761290444,18.2465,2.706503345
1832,1,109.5225,4.763133525,18.2522,2.70771387
1833,1,109.5398,4.763885902,18.2579,2.708924623
1834,1,109.557,4.7657295,18.2636,2.7103182400000003
1835,1,109.5743,4.76648205,18.2693,2.711529506
1836,1,109.5915,4.76723025,18.2751,2.7127558439999997
1837,1,109.6088,4.769078888,18.2808,2.7141503759999996
1838,1,109.626,4.7698272600000005,18.2865,2.715362385
1839,1,109.6432,4.771672064,18.2922,2.7167575440000005
1840,1,109.6604,4.772420608,18.2979,2.717970066
1841,1,109.6776,4.773169152,18.3036,2.719182816
1842,1,109.6948,4.775014644,18.3093,2.720578887
1843,1,109.712,4.77576336,18.315,2.72179215
1844,1,109.7292,4.777609368,18.3207,2.723005641
1845,1,109.7464,4.778358256,18.3264,2.7244026239999997
1846,1,109.7636,4.779107144,18.3321,2.725616628
1847,1,109.7808,4.78095384,18.3378,2.727014238
1848,1,109.798,4.7817029,18.3435,2.728228755
1849,1,109.8151,4.7835457560000005,18.3492,2.7294435
1850,1,109.8323,4.784294988,18.3549,2.730842022
1851,1,109.8494,4.785039864000001,18.3606,2.73205728
1852,1,109.8666,4.786887762,18.3663,2.733272766
1853,1,109.8837,4.787632809,18.372,2.7346722000000003
1854,1,109.9009,4.789481222,18.3777,2.735888199
1855,1,109.918,4.7902264400000005,18.3834,2.737104426
1856,1,109.9352,4.790976016,18.389,2.73848988
